score,text,idx,user,written_at,agree,disagree
10,극장에서 3번이나 봤습니다 그래도 보고싶은 너무나 행복한 영화입니다,12180460,후니뷘(beau****),2017.01.15 17:00,1,1
10,꿈의나라로~!!!!,12180563,더리버리(rapp****),2017.01.15 17:16,2,1
9,반전과 공감이 있는 로맨스 영화,12180612,조윤경(jykj****),2017.01.15 17:26,2,1
8,마지막에 남녀가 만나서 사랑을 이뤘으면 행복한 결말이였지만 그렇지 못해서 더 애잔함이 묻어나는 아름다운 영화,12180615,상하(shtb****),2017.01.15 17:27,2,0
8,영상미는 진짜 깜짝 놀랄정도였다근데 난 개인적으로 여주가 극적으로 성공하는게 너무 억지스러웠음,12180617,이소의(thdm****),2017.01.15 17:27,2,0
9,아무생각 없이 보다가 울고 웃고 날 행복하게 영화. 영화본지 일주일 넘었는데도 이 영화 노래들만 듣고있다 보다가 졸았다는 평도 보고 재미없다는 평들도 봤지만 호기심에 봤다가 인생영화 찾았다 또보러가야징 ㅎ 꼭보셔야 ...,12180674,조윤서(yuns****),2017.01.15 17:37,0,0
8,동화같은 영화를 보다가 마지막에 꿈에서 깬 느낌,12180699,김보람(bora****),2017.01.15 17:42,0,0
9,음악 너무 좋아요!!!!,12180702,왕신민(dhkd****),2017.01.15 17:42,1,1
5,"평점이 한결같이 높고 라이언 고즐링출연에 믿고 봤는데 그의 연기는 그럭저럭..  영화보다 눈이 스르륵 감길정도로 밋밋한 스토리전개와 신선하지 않은 에피소드 ,상영시간이 길은 느낌..  영화도 소신껏 봐야겠습니다.",12180758,mari****,2017.01.15 17:50,1,2
9,춤을 좋아해서인지 넘 재미있게 봤어요,12180766,나서은(jn93****),2017.01.15 17:51,1,0
1,영화 보다 자다가 나왔는데 뭐가 재밌었던건지 모르겠는..,12180805,1ss4****,2017.01.15 17:56,25,14
9,초반에는 좀 정신없다 지루했다 했지만 마지맞 몇분은 미장센이 환상적이었다,12180836,몽마르뜨(sjk8****),2017.01.15 18:01,1,0
7,특별한 긴장감은 없지만 음악은 갠잖음,12180896,000000(reco****),2017.01.15 18:08,1,0
9,여주인공의 의상과 연기 춤 이 인상적이었다,12180990,jang****,2017.01.15 18:22,1,0
9,영화보다는 웰메이드 LA뮤지컬 한편 보고온 느낌이네요 음악이 너무 인상깊었어요,12180996,Lennon(yjy5****),2017.01.15 18:23,0,0
10,영화관잘못찾아가서못봤지만10드립니다,12181019,파냐(sola****),2017.01.15 18:26,1,1
10,익숙한 줄거리지만 참 아름답네요 극장에서 보길 잘한듯요,12181056,anes****,2017.01.15 18:32,2,1
6,초반에는 잔잔하다가 후반부에는 시간가는줄 모르고 빠져봣네요 끝나고나니 잠깐 꿈을 꾼것 같은 기분이 드는 묘한 영화!! 남자분들은 지루할수잇어요^^,12181075,나비(hwan****),2017.01.15 18:34,2,0
7,음악이 많이 쓰이지 않았다 음악 영화라고 보기에 조금 미흡하고 후반부에  내용이 산만해졌다 춤과 배경들은 뮤지컬 영화로 볼거리가 가득했다,12181134,새벽(eunj****),2017.01.15 18:43,1,0
9,감각적인 영상과 음악이 만들어 내는 꿈이자 현실적인 스토리,12181169,곰팅(bigl****),2017.01.15 18:50,1,0
10,꿈와 현실 사이에서 갈등하는 우리들의 가슴을 두들겨주는 영화,12181172,seop****,2017.01.15 18:50,0,1
9,올해의 최고영화라고 해도~~,12181178,conti(eche****),2017.01.15 18:51,2,0
10,"마지막 10분에 울컥했다. ""우리, 그때 다른 선택을 했다면 지금 어떨까..""  물어보고싶어진다. .",12181197,마시멜로(snai****),2017.01.15 18:55,2,1
10,음악도 좋고 미아와 세바스티안의 아름다운 사랑과 예술에 대한 열정이 감동적이었습니다. 재즈음악을 사랑하고 뮤지컬을 좋아하는 사람들에게 강추합니다.,12181357,이고경(koky****),2017.01.15 19:22,2,1
9,꿈을 꾼 것만 같다!아름다운 그들의 만남 그리고현실의 사랑이야기!멋있고 사랑스럽다^^,12181424,크리에이티브인테리어(hsjw****),2017.01.15 19:32,0,0
9,재밌었다. 결말이 좀 아쉬웠다. 그렇지만 꿈은 이뤄서 좋다.,12181442,히아로(por0****),2017.01.15 19:36,0,0
8,음.. 영상미 비주얼 연기력 다 좋았는데 기대가 컸던 탓일까ㅠㅠㅠ 좀 지루했음.. 그거 빼곤 굳,12181461,뇽뇽뇽(tnse****),2017.01.15 19:41,0,1
10,달콤쌉싸름한 사랑의 맛을 표현한 영화.,12181480,소화(jino****),2017.01.15 19:44,0,2
7,디즈니 만화스러워서 조금 부담되기는 했지만 내가 옛날사람이어서 그런가 싶었음. 결말은 맘에 듬.,12181493,염소(wint****),2017.01.15 19:47,1,0
10,오프닝과 연출까지 전부 복고풍이고 뮤지컬 형식이라 이런 방식의 연출을 좋아하는 사람들에게는 만점일 듯. 엔딩까지도 너무 좋았다.,12181506,은하수(kiri****),2017.01.15 19:48,0,2
10,너무 재밌었음.. 여운이 많이 남는 영화 둘이 이어졌으면 더 좋았을걸.,12181535,라비따에벨라(0117****),2017.01.15 19:52,0,2
10,아 또 오랜만에 좋은영화 맘에드는 영화 보네,12181550,홍재원(wodn****),2017.01.15 19:56,0,1
7,기대를 너무 많이 했나..ㅠㅠ,12181591,우고(jeew****),2017.01.15 20:05,0,1
8,감동적이네요..꿈을 이루는 과정이 아름답게 그려넸네요~~,12181628,바람돌이(leeb****),2017.01.15 20:11,0,1
9,와우..진짜 볼만한 영화입니다!!,12181638,김견민(kuta****),2017.01.15 20:14,0,1
8,남주여주의 고민에 완전 공감함... 끝도 매우 현실적이다.,12181641,네넵(kims****),2017.01.15 20:14,0,1
10,너무좋앗어요적극추천합니다,12181647,such****,2017.01.15 20:16,0,1
8,춤과 노래는 좋으나 스토리와 감동은 부족합니다,12181659,아름(blue****),2017.01.15 20:19,0,1
10,시작은 인도영화마냥 뜬금포로 노래를 불러서 당황스러웠다. 하지만 스토리가 점점 진행함에 따라서 흥미도가 올라간다. 생각을 많이 하게 만드는 한편의 동화느낌을 받았다.주의점은 이별한지 얼마되지 않은  사람은 쓰라린 가...,12181678,zinl****,2017.01.15 20:22,0,1
8,초반에는 조금 지루했지만 뒤로 갈수록 재밌어요,12181744,수영(soo_****),2017.01.15 20:36,0,1
10,재미있게 봤습니다..,12181828,라온제나(joli****),2017.01.15 20:51,0,2
9,노래가 정말 좋았다! 춤을 추고 싶어졌다.,12181840,히메(eleu****),2017.01.15 20:52,0,1
8,저는 개인적으로는 영화의 배경이나 배우들의 연기는너무나 잘 했다고 생각하지만 내용이 확실히 전달되지는못했다고 생각해요.그치만 전반적으로는 가벼운 마음으로 보긴 좋은 영화라고생각합니다^^,12181843,일랑일랑(dmsl****),2017.01.15 20:52,0,1
10,그냥 좋죠. 객관적 10점은 아니고 주관적 10점이요.,12181859,마음(0104****),2017.01.15 20:54,0,2
1,생각보다 너무 별로....전개가....,12181865,순대킬러(wsc1****),2017.01.15 20:56,63,30
10,감동!! 시간가는 줄 모르고 봤어요,12181870,yoshimi(yosh****),2017.01.15 20:56,0,2
10,재밌어요~~~~정말정말정말라라랜드,12181902,박세준(dkat****),2017.01.15 21:02,0,2
9,영상미가 좋았고 1점은 뭔가 남편이 마음에 안들었어오 끝장면에,12181922,표기윤(exce****),2017.01.15 21:07,0,0
2,제 옆분이 졸아서 평줌 낮춥니다,12181935,파란소나기(pref****),2017.01.15 21:08,1,0
10,정말 괜찮았습니다 ㅋ 결말도 나쁘지않았어요,12181964,choi(dmsd****),2017.01.15 21:13,0,2
10,너무 재밌었으며 ost를 들으면 행복해지는 기분이 든다.,12181971,jay9****,2017.01.15 21:14,0,2
9,제 인생영화.. 마지막에 다시 돌아갈때는 소름이..,12182025,박건(pg07****),2017.01.15 21:23,1,1
9,"정말 신선하고, 영화 색감이 너무 예뻤어요. 또 목표로 하는 꿈에 대해 다시한번 자극을 받을 수있는 계기가 됐네요.. 하 인생영화 하나 추가하고 갑니다",12182031,sonc****,2017.01.15 21:24,0,1
10,아름다웠고 뭔가 그리워지는 영화,12182046,0000(fofo****),2017.01.15 21:27,0,2
10,OST도 너무 좋고 영화 다 너무 좋았어요!,12182049,dara(blai****),2017.01.15 21:27,0,2
5,영화음악과 배경만 멋있는 영화,12182063,rudd****,2017.01.15 21:30,1,0
8,굿굿ㅎㄴ디지ㅎㄱㄷㄴ?,12182074,열심히합세(zotv****),2017.01.15 21:31,0,0
6,ddd쟈밌습니다bbvbn,12182080,팬더(cogy****),2017.01.15 21:32,0,1
8,"여러번 생각할만한 여지를 줘서 좋은 영화. 노래의 가사들, 감정의 깊이들, 무엇이 필연이었는지, 어떻게 이 모든 환상과 현실이 논리적으로 일관성있게 이어지는지 두고두고 해석하며 느끼는 재미가 있다.",12182081,도야지(sand****),2017.01.15 21:32,1,1
10,오랜만에 편안하게 아름다운 영화 한편 본것같습니다~한번 더 보고싶네요~^^,12182082,아이리스(oo81****),2017.01.15 21:33,0,2
6,"내가 아직 꿈에 대한 열정도 없고 낭만도 없는 청소년이라 그런가, 크게 와닿지는 않았던 것 같다. 하지만 영화보는 내내, 영화 내용이 너무 현실적이라(내 딴에선) 어른이 되기 무섭다라는 생각이 들었다.",12182098,장소은(sayh****),2017.01.15 21:36,0,0
10,숨도 못쉬고 봤어요.. 짱.. :-D,12182146,etc99(etc-****),2017.01.15 21:41,0,1
6,이 좋은 배우들을 가지고 이렇게 진부한 스토리의 작품을 만들다니,12182152,제니(wjda****),2017.01.15 21:42,1,0
10,명작~ 입니다. 추천합니다.,12182162,제이제이(neoc****),2017.01.15 21:43,0,1
9,주인공도 멋지고 그림도 멋지네 뭔가 여운이남는,12182175,어쩌라고(mind****),2017.01.15 21:45,0,0
10,연출 효과 음향 모두 다 좋았습니다 ㅎㅎ,12182177,qbqb****,2017.01.15 21:46,1,1
10,말로 표현할 수 없는 아련함,12182193,thdw****,2017.01.15 21:48,0,1
9,걍말이필요없다굿이란다,12182198,루피(xx41****),2017.01.15 21:48,0,0
10,"개돼지처럼 검사,조폭영화 그만봐줍시다 제발 이런영화좀 만들어주세요ㅠ",12182199,초고속후회(dubu****),2017.01.15 21:48,0,1
8,기대했던것 보다는~조금 아쉬웠어요,12182213,goym****,2017.01.15 21:51,0,1
10,사랑스러움이 가득묻어나는 영화,12182214,신명(leen****),2017.01.15 21:51,0,1
9,"예술을 하는 입장으로 꿈과 희망,사랑에 대한 공감이 많이갔다",12182256,vldz****,2017.01.15 21:56,0,1
10,영화관 자주 안 가는 내가 또 보러 가고 싶은 그런 영화.,12182261,pje(gers****),2017.01.15 21:57,0,2
10,재미있어요. 색감이 너무좋네요,12182278,박감마(wjdf****),2017.01.15 22:00,0,2
10,앞으로 열번을 더 봐도 열번 다 새롭고 아름다울 영화모든것이 완벽하다,12182311,밀(tanu****),2017.01.15 22:06,0,2
9,현실적으로 이상을 그린 영화,12182342,HS(bhs9****),2017.01.15 22:12,0,1
10,노래가 정말 최고! 다시 재즈를 듣고 싶게 만드는 영화,12182388,진(zhao****),2017.01.15 22:22,0,2
10,뮤지컬형식의 로맨틱코메디영화 가슴찌릿찌릿 하고 재밌는데 영화의 스토리가 좀 슬프게 결말난거 같아 그렇다 ㅠㅜ,12182391,gura****,2017.01.15 22:22,0,2
10,스토리 구성에는 빈약함이 있지만 보는내내 귀와 눈이 즐거운 영화! 한 편의 뮤지컬을 영화관에서 관람할 수 있는 기회라고 생각합니다,12182393,한판놀이(davi****),2017.01.15 22:23,0,2
7,걍 볼만 함주인공  몸매 짱,12182439,yoyo(yo28****),2017.01.15 22:31,0,0
10,음악도 화면도 스토리도 너무 이쁜 영화입니다~~,12182463,청풍명월(naro****),2017.01.15 22:35,0,1
10,넘 환상적이며 꿈 같은 영화였음꿈을 이루는 내용이 좋았음,12182497,이명옥(llee****),2017.01.15 22:41,1,1
10,넘넘넘넘재밌었당ㅎㅅㅎ,12182531,서랏장(seor****),2017.01.15 22:47,1,1
10,마지막 키스하는 부분에서 헉 소리가 튀어나왔다.,12182536,미운오리(ugly****),2017.01.15 22:47,2,1
8,재미있게 봤는데 좀 씁쓸하네요. 아무튼 추천하고 싶은 영화였어요.,12182544,문페이즈(dltl****),2017.01.15 22:49,1,0
10,너무 잘 봤어요 영화가 아니라 뮤지컬 본 거같고... 개인적으로 첫 부분 사람들이 차 위에 올라가서 춤추는 부분이 제일 좋네요! 꼭 보세요 여러분,12182633,기요미(sssa****),2017.01.15 23:02,0,1
10,슬퍼서가 아니라 가슴이 아려서 눈물이 났어요,12182676,ljh9****,2017.01.15 23:09,0,1
10,그때 다른 선택과 행동을 했다면 어땠을까 한번쯤 돌아보게 되는 아름다운 영화,12182677,miya****,2017.01.15 23:09,0,1
9,"결말에서 조금 놀랐지만, 전체적으로 재밌게 봤어요~영화 OST가 정말 좋아요~",12182681,Cantabile(yk_c****),2017.01.15 23:09,0,0
10,연기며 스토리며 영상이며 배경음악이며 어느것 하나 빠진게 없습니다 계속 계속 생각납니다,12182692,안뽕슬구(seul****),2017.01.15 23:10,0,1
10,빠져드는 영화네요~ 인생영화,12182730,엘리자베스(tkwc****),2017.01.15 23:15,0,1
1,1점도 아깝다 시작하자마자 고속도로에서 OO하는거부터 노잼이라생각하고 30분보자마자 집가고싶어서안달낫음 엄마생신이라 가족끼리단체로보러갓는데 다들졸려죽을라고함 돈주고보기아까움 영상미좋다는거 몇분나옴ㅋㅋㅋㅋ 나올락말락하...,12182734,벚꽃엔딩S2(bon3****),2017.01.15 23:16,32,8
8,볼만하네요 음악이 좋습니다,12182769,ms53****,2017.01.15 23:20,0,0
10,음악 여운 추억 아련함.. 남는 게 많아서 계속 보고 싶은 영화.,12182773,leuk****,2017.01.15 23:21,0,1
9,뮤지컬같은 영화 잼있게 봤어요ㅎㅎ,12182778,sodo****,2017.01.15 23:21,0,0
8,"꿈, 이상, 낭만, 이런 것들은 현실 속에 존재하는데 우리가 그것을 못 느끼고 사는 게 아닐까.",12182794,니야맛(phee****),2017.01.15 23:23,0,0
9,재밌는 영화였다  감동도 있고,12182809,dlrg****,2017.01.15 23:27,0,0
9,영상미와 연출이 너무 좋았어요 푹 빠져들어서 재미있게 잘 봤어요,12182846,k286****,2017.01.15 23:33,0,0
1,여자친구랑  모아나 안보고 이거 보자고 봤는데  처음에  도로에서 춤추는거 보고 잘못들어왔나 싶었고  갑자기 왜 우주배경으로  넘어가나 싶었네요.... 마지막에 연주는 괜찮았는데 끝나고 제가 여자친구에게 안 괜찮은 ...,12182894,Yossarian(jsfh****),2017.01.15 23:41,19,8
8,끝까지 사랑이잘이어졌으면 하고 바랬는데 ㅜㅜ 남주 너무멋있네용.진짜,12182911,jeff****,2017.01.15 23:44,0,0
10,중간에 약간 지루했던것만 빼면 정말 최고에요 마지막은 진짜... 하.. 정말 먹먹했고 둘이 우주를 날아서 춤추는 장면은 그 둘의 설레임같은게 느껴져서 너무 좋았음 아무튼 진짜 초초초강추임,12182920,love****,2017.01.15 23:45,0,1
9,노래와 춤 다 재밋게수봣어요!!아련한 감정선이 노래에 참 잘 맞는거같어요!,12182964,rhkr****,2017.01.15 23:56,0,0
9,이런게 영화고 이런 영화가 상을 받아야 하고 이런 영화가 10억불을 벌어야 한다. 특정 장르 영화를 좋아하든 안하든 아니 영화를 좋아하든 안하든 무조건 추천할만한 영화,12183061,히알(solo****),2017.01.16 00:16,0,0
8,"감독의 연출력에 감탄, 특히 오프닝과 탭댄스씬은 잊을 수가 없다",12183123,꼬마라잇(ligh****),2017.01.16 00:27,0,0
3,개취노잼그다지 재미없었음,12183130,쑤그리형(habu****),2017.01.16 00:29,1,0
9,귀가 행복하고 눈이 행복하고 어깨가 들썩이고,12183134,디밥(kind****),2017.01.16 00:30,1,0
1,내스타일은 아니다 솔직히 이거10점주고 제밌다는 사람들 나와는너무다른사람들같음 어떻게 이정도로 호불호가갈릴까..정말 난 제미없었음 보다가잠들다 마지막에 욕하고나옴,12183141,tore****,2017.01.16 00:30,20,7
1,너무너무너무 지루했던 영화,12183163,LIFE IS GAME(napp****),2017.01.16 00:34,20,7
10,인생영화ㅜ 두번째 봤을 때도 울었다,12183171,dkdlel(dkdl****),2017.01.16 00:36,0,1
3,보자마자 아..! 이건 진짜 호불호갈리겠다...했던 영화였는데 역시나..ㅋㅋ 하이스쿨뮤지컬을 보게될줄은 몰랐고 노래만 좋고 내용은 지루했던 영화.,12183299,수호신(msr0****),2017.01.16 01:06,0,0
10,세번째 보았습니다 봐도봐도 너무 좋네요ㅠㅠ,12183301,kyje****,2017.01.16 01:07,1,0
10,끝이 좀 슬펐지만 꿈에 대해서 고민 하는 모습이 좋았어요,12183311,Ri(ohl3****),2017.01.16 01:09,0,0
1,실망 그자체 왜 평점이 높은지 솔직히 결말도 실망이고 0점 주고 싶네요 여자친구도 너무 재미 없다고 하네요.,12183327,원더풀베리(sh49****),2017.01.16 01:14,51,22
10,두번째 관람이었는데 그 때보다 더 울었어요OST만 들어도 가슴 뭉클해지는 명작!!,12183333,김밤비(ueda****),2017.01.16 01:15,1,0
8,너무 좋다고 많이 들어서 그랬는지 기대보다는 이하였습니다.,12183334,Okiii(leeo****),2017.01.16 01:16,1,0
10,잠깐동안 연기의 꿈을 꾼 나로서 오디션 장면에서 눈물이 나온건 어쩔 수 없었다 그때 열정을 다시금 느끼게 해준 내 추억같은 영화,12183349,둥이(kkdm****),2017.01.16 01:20,0,0
10,화려했던 초라했던 누구에게나 한번은 있었을 법한 이별에 대해 회상의 시간을 주는 영화였네요. 슬프지만 최선의 선택이었으리라 끄덕끄덕해보게되는 영화,12183354,isin****,2017.01.16 01:21,0,0
10,핵꿀잼 특히 엔딩이 젤 맘에 들었음/.,12183378,heih****,2017.01.16 01:31,0,0
9,전체적으로 음악이 좋았던 영화다. 아름다웠던 날에 누구나 있을 수 있는 이야기다. 결말이 아쉽긴 하지만 이런 이야기에 항상 해피 엔딩일 수는 없다고 생각한다. 그냥 내가 여주인공이라면.. 했을 텐데 라는 생각을 해 ...,12183403,봄비(01fl****),2017.01.16 01:36,2,0
10,다시 보고싶어지는 영화,12183424,jhc0****,2017.01.16 01:42,1,0
6,재즈학개론 열자열자열자,12183435,jin8****,2017.01.16 01:46,0,0
10,"개봉  끝물에 보게 되었는데,  왜 이제서야 봤는지..  이제서라도 보길 잘한거같아요. ㅠㅠ  정말좋은 영화.",12183437,포롯데(forl****),2017.01.16 01:48,0,0
10,시간가는줄 모르고 봤다,12183455,서명환(sehw****),2017.01.16 01:53,1,0
10,결말이 너무 뭉클하고 좋았던것같다... 중간까지는 지루했지만 끝으로 갈수록 감동이 아주ㅠㅠ 가슴 먹먹해지는 영화 다시보고싶다,12183477,혜인(rach****),2017.01.16 02:04,0,0
1,참나  알바가 왜이리많은지! 진짜 오버에 자다나 나옴!메세지도 하나도없음 다신안봄!,12183483,김희영(rlag****),2017.01.16 02:04,16,8
8,생각했던것보다 영화가 슬프고 감동적이었다.,12183507,lipt****,2017.01.16 02:12,1,0
8,기대만큼 재밌지는 않았다.,12183540,물방울(gksr****),2017.01.16 02:31,0,0
10,최고의영화..엠마스톤과 라이언고슬링의 노래를 들으며 꿈에대해서 다시한번 생각해볼수있는 영화,12183656,정철화(craz****),2017.01.16 03:42,1,0
8,아주 즐겁게 봤습니다. 그런데 여친은 별로라네요 .,12183659,Allclef(tpty****),2017.01.16 03:45,0,0
10,"1차관람시 엔딩에는 라이언의 '짠한' 미소만 보였다. 하지만 2차관람시에는 라이언의 만족스러운,자랑스러워하는(자신도,엠마도) 미소가 보였고 엠마의 동일한 미소도 보였다. 여러 차례 관람해도 아쉬울게 없...",12183687,jskh****,2017.01.16 04:18,0,0
10,영화가 끝났는데 안끝난 것 같은 기분이 들게 한다.,12183697,스무스(soeu****),2017.01.16 04:29,0,0
9,정답은 없고 경우의수만 많은 힘든여정 이들의열정은 누구나 칭송하지만 그 결과까지는 책임지지않는다는 사실을 아프게 깨닫는 연인....,12183733,jsy8****,2017.01.16 05:24,2,0
6,노래 몇개 좋은거 말고는 딱히 재미는 없었다. 그냥 뮤지컬로 보는게 나을듯,12183817,풀잎나무(kim6****),2017.01.16 07:18,0,0
10,너무 좋은 음악과 뛰어난 영상미~ 재밌었어요,12183881,루시엘(luci****),2017.01.16 08:25,1,0
7,영화가 너무나 아름답고 감성적이나 지루한감있습니다,12183883,그니(dksu****),2017.01.16 08:27,0,1
10,"이 영화가  지루하고, 본 후에 아무생각이 안든다면그 사람들이 감정이 얼마나 메마른걸지 상상도 안 된다... 개인적으로는 정신적으로 매우 피폐해져있을 것 같다... 거짓말아니라 감정없는 로봇도 이 영화를 보게되면 인...",12183897,kwon****,2017.01.16 08:34,1,0
10,자칫 불편했을 갈등의 내용을 보는이의 내면으로 부드럽게 넘길 수 있는 연출로 잘 마무리한 영화.,12183908,sssh****,2017.01.16 08:41,1,0
8,기대한것만큼은 아니었지만 볼만했습니다.,12183952,ksy8****,2017.01.16 09:02,1,1
8,재밌게 잘보다가 마지막에 엉뚱한사람이랑 만나서 결혼해서 허무했음,12183956,라벤더향기(zr10****),2017.01.16 09:04,1,1
10,영상미 음악 스토리 뭐하나 빠진것 없는 영화 보는내내 행복했다,12184062,bnmm****,2017.01.16 09:57,0,0
10,"""이곳에서 모든 감정들이 폭발한다.""",12184070,sore(sok9****),2017.01.16 10:03,1,0
9,연주가 멋졌어요 ^^ 여자가 속됐어요,12184187,yong****,2017.01.16 10:49,1,0
9,"영상도 좋았고 음악도 좋았다. 스토리도 좋았다. 엠마 스톤이 선택한 삶과 라이언 고슬링이 선택한 삶의 차이는 좀 의문이었지만- 그래서 9점!판타지가 적절히 섞여 있는 것도, 드라마틱한 두 사람의 세계도, 특히 라이언...",12184192,행복함(coco****),2017.01.16 10:50,1,0
9,고슬링이랑 스톤이랑 안이어져서 9점  마지막 피아노 장면에서는 박진영의 니가 사는 그집 이 생각났다,12184195,도깨비(cold****),2017.01.16 10:51,0,0
10,사랑에 대한 미련이나 여운보다 꿈에 대한 여운이 남는 작품이었습니다,12184240,으아아앙(luci****),2017.01.16 11:14,1,0
9,너무 현실적인 이야기...,12184249,tpgm****,2017.01.16 11:17,1,0
10,꿈 성장 사랑 이별 현실... 장면 장면마다 내가 살아온 지난날들을 돌아보게 한 영화,12184258,장현아(hyun****),2017.01.16 11:19,0,0
3,스토리는 현실적이여서 좋았는데.. 뮤지컬 적인 요소를 개인적으로 굉장히 안좋아 해서 별로인 영화,12184290,카라멜님(cara****),2017.01.16 11:30,0,0
9,스토리는 무난했지만 연출과 구성이 신선합니다. 두 남녀가 서로 교감하는 장면들이 인상깊네요,12184328,소이티(twen****),2017.01.16 11:47,0,0
8,음악으로 말하려고 했던 영화 그렇게 화려하지 않고 자극적이지 않아서 좋은 영화  가능한 자막을 보지 않는 것이 좋을 듯,12184349,지호락야(stma****),2017.01.16 11:56,1,0
10,지쳤던 마음에 힐링이 되어준 영화!다시 꿈을 위해 나아갈 힘이 되어준 영화!,12184372,rudw****,2017.01.16 12:07,1,0
8,"영상미가 있고, 음악이 매우 좋다. 전반적인 색감이 예쁘다. 스토리 전개가 조금 아쉽고, 뮤지컬 영화치고는 노래를 엄청 잘부르는것 같지는 않다",12184475,신은주(sej9****),2017.01.16 12:38,2,0
6,중간중간 배우가 부르는 노래에 인상을 별로 받지 못했지만 전체적인 내용은 재미있었고 긴 여운을 남겨주었다. 배우들이 멋졌다,12184486,ys(ysys****),2017.01.16 12:42,1,1
7,기억과 망상마르 뎃데로게,12184491,Thor(bloo****),2017.01.16 12:43,1,0
10,오랜만에 가슴가득 행복감을 느낄수 있는 영화를 만났다..뻔한 듯 뻔하지 않은 결말이 아니어서 좋았고.. 역시 음악은 사람을 행복하게 하는 힘이 있음을 실감했다.,12184512,sees****,2017.01.16 12:49,2,0
9,초반 뮤지컬적인 부분만 넘기면 최고의 영화,12184522,nice****,2017.01.16 12:51,1,0
10,감동적이였어요 좋습니다,12184539,전혜정(hele****),2017.01.16 12:55,1,0
7,처음 시작할때의 음악과 생동 감 넘치는 배우들의 한동작 한동작 마치 하나같이 움직이는 예술였습니다그리고 마지막에 긴 여운을 잊을 수가 없네요반전의 반전였길 바라는 맘은 제 맘이였습니다 해피엔딩였음하는 ㅎㅎ 잘 봤습니...,12184555,김유랑(ssam****),2017.01.16 12:59,1,0
9,좋았어요 단순한 로맨스넘어 꿈과열정 사이에 고민하고 성취하는 젊은 시간이 느껴져서 감동적이었어요음악도 좋았고요,12184561,나긋나긋나금(hsoo****),2017.01.16 13:00,1,0
10,보는 내내 스크린에서 눈을 뗄 수 없었고 영화가 끝난 후에도 자리에서 한참을 일어나지 못했다,12184588,우주최강(es11****),2017.01.16 13:08,1,0
10,재밌다 음악도 좋고 배우도 이쁘고 영상미 색감도 좋다,12184596,kgs8****,2017.01.16 13:10,1,0
10,이영화는 최고 그 이상이다. 최근5년간 본 영화중에 최고다. 감사하고 고맙다.. 라라랜드. 와~우,12184649,밸런소(jdso****),2017.01.16 13:30,0,0
9,세상의 모든 꿈꾸는 바보들에 바침!아름답고 뜨거운 영화.,12184742,jusa****,2017.01.16 14:01,1,0
7,잔잔하게 슬픈 영화네요,12184751,레인(shad****),2017.01.16 14:05,1,0
10,너무 좋았어요. 화려한입체감과 스토리가 굿,12184752,tner****,2017.01.16 14:05,1,0
8,좀 길긴하지만 즐긴만합니다,12184829,아트비젼(tuji****),2017.01.16 14:24,1,0
8,여자 아무리생각해도 못된년ㅋㅋㅋㅋ,12184847,왓더혤마이니(pavi****),2017.01.16 14:29,0,1
8,아름답지만 조금 뻐?난 이야기가 지루했다,12184899,하늘 어머니와 함께(syyo****),2017.01.16 14:45,0,0
9,꽤나 기나긴 여운을 느낄 수 있었다. 혼자보지 않고 누군가랑 같이 보았다는게 다행이었음,12184904,포스그립(kang****),2017.01.16 14:46,1,0
10,개꿀잼...긴 러닝타임이 전혀 지루하지 않은 영화,12184920,제로(zmff****),2017.01.16 14:50,1,0
7,뻔한 스토리처럼 시작하지만 후반부로 갈수록 인생을 생각하게하고 마지막이 정말 특별함을 더하는 영화. 우리 인생 하나 하나가 다 드라마하는 생각으르하게 해주는 영화.,12184953,현(hjoo****),2017.01.16 14:59,2,0
10,반전의  엔딩 스토리가 너무 현실적이어서마음에 와 닿앗으며 감동적이엇어요?,12184990,노란목련(happ****),2017.01.16 15:10,1,0
8,생각보다는별로네요 너무기대를했나봐요,12185012,나혜경(tena****),2017.01.16 15:16,0,1
10,최고인영화. 세번영화관가서 봤네요. 잊을수없는 영화,12185049,qkr3****,2017.01.16 15:24,1,0
10,"음악좋고, 영상좋고 뭔가 애틋하면서도 절제된 영화였어요. 정말 스토리도 좋았네요. 남성분들도 좋아할만한 영화에요. 여성전용 영화아님 ㅎ",12185050,감성사진(vern****),2017.01.16 15:24,1,0
10,뮤지컬같아서 너무 보기 좋았어요!,12185072,별님(ydg0****),2017.01.16 15:31,1,0
10,넘 좋아요!!! OST 사러갑니당!!,12185073,히로미(ham5****),2017.01.16 15:31,1,0
10,2016년 영화중 최고,12185110,며르치(ging****),2017.01.16 15:42,0,0
8,이해보다는 그냥 오감으로 느끼는 영화 ! 그것만으로 충분함.,12185129,yeyehanhan(newh****),2017.01.16 15:47,0,0
10,동화같은 사랑을 현실에 잘 녹여낸 영화다.,12185130,김민영(mean****),2017.01.16 15:47,1,0
5,볼만하긴한데.. 너무 쫌 지루함이 있어서 그렇게 재미있지는 않았음,12185145,dlae****,2017.01.16 15:51,0,0
10,뮤지컬이라 기대 안했지만 좋아요,12185156,화신(frid****),2017.01.16 15:57,1,0
10,너무감동적이네요..두번볼꺼에요,12185196,daa212(daa1****),2017.01.16 16:08,1,0
10,두시간 동안 영화가 아닌 환상적인 뮤지컬을 보고 온 느낌이었다.  꿈을 쫒는 젊은이들을 보면 박수를 보내고 싶었다.,12185303,유리상자(sinb****),2017.01.16 16:34,2,0
10,재즈..별..피아노..여운이 남네요.,12185312,b062****,2017.01.16 16:36,2,0
8,음악과 영상이 잘 어울려서 기분좋게 만든다.스토리는  신선함이 없지만...,12185330,답게(72le****),2017.01.16 16:40,2,0
8,마지막 장면에서 남자 주인공의 상상 장면 하나의 여운으로 이 영화 전체를 케리함. 다만 좀 초반에 산만하고 중반까진 지루함.,12185378,히토라(hito****),2017.01.16 16:56,0,0
10,처음부터 끝까지 예술입니다 ㅠㅠ  영상미와 음악 외에도 예쁘고 슬픈 스토리가 정말 좋았습니다,12185379,바이올린요정(jemm****),2017.01.16 16:56,2,0
8,피아노소리 너무 좋다 옛생각 많이나게 하는 영화,12185397,몰라도돼(ehfh****),2017.01.16 17:01,2,0
10,동화같은 분위기 속에서 힐링한 느낌...,12185401,grac****,2017.01.16 17:01,2,1
10,"꿈과 사랑, 현실과 이상에 대해 생각하게 되는 영화 .영화관을 나서자마자 마주친 차가운 공기가 꿈에서 깨라고 말하지만 라라랜드의 음악을 들으며 환상을 조금 더 붙잡고 싶은 영화 . 화려한 색상에 비해 현실이 너무나 ...",12185416,김빌립(tnrg****),2017.01.16 17:06,4,0
3,보다 재미없어서 나옴;,12185422,순남(jkwo****),2017.01.16 17:08,2,1
9,어쩌면 누구나 한 번쯤 겪어봤을 지나간 이야기. 비현실적이지만 현실적인 이야기.,12185433,helenathebluecat(muni****),2017.01.16 17:12,1,0
10,너무너무재미잇게봣습니다한편의뮤지컬인줄알앗슺니다,12185486,샹크스(bb17****),2017.01.16 17:27,2,0
9,조금더 캐릭터들의 삶과 생각에 동화되어 즐긴다면  휠씬 더 좋은 영화를 감상할수 있다는..,12185500,fesu****,2017.01.16 17:30,0,0
9,꿀잼 연인이랑 꼭보세요,12185521,SMC(minc****),2017.01.16 17:34,1,0
10,완전 재밋었어요!!!!,12185558,채은에몽(enjo****),2017.01.16 17:43,0,0
1,처음으로 영화보다가 잤어요...가려진 시간처럼 영상미 좋고 잔잔한 영화가 제 스타일인데 이건 내용도 잔잔한게 아니고 단순. 그냥 재미가 없고요...ㅠㅠㅠㅠ돈아까움 계속 졸렸음..버티려고 노력했던ㅋ..ㅠㅠㅠ,12185564,이채은(dlco****),2017.01.16 17:44,16,9
7,음악과 퍼포먼스는 화려하지만 스토리는 지루한 감이 있습니다. 초반부터 중반까지 뮤지컬을 보는 것  같다가 중반 이후 스토리가 쫌 늘어지네요~ 그래도 음악은 좋습니다ㅎ,12185653,꿀곰(uisu****),2017.01.16 18:07,1,0
10,계속계속 생각날 영화 ost가 너무 좋아요,12185670,dubu(chgm****),2017.01.16 18:13,1,0
8,잘 만들었으나 명작에는 한참 못미침,12185860,전력소녀(hyde****),2017.01.16 19:08,0,3
10,편리하게  만족스러운 영화관람 했습니다^^,12185861,땡그리(afac****),2017.01.16 19:08,3,0
1,이게 영화냐? 10자10자,12185922,ㅇㅇㅇ(grea****),2017.01.16 19:31,14,7
7,뮤지컬을보는기분이 들었으나 좀 지루했음,12185940,히히(mint****),2017.01.16 19:36,0,3
8,"화면은 화려하고, 여주인공은 아름답고, 음악은 좋다.",12186025,rrkd****,2017.01.16 20:03,2,0
10,재미있었어요~^^ 강추합니다,12186061,dkfh****,2017.01.16 20:11,1,0
10,굳이 로그인해서 평점을 줄 만 하다.,12186067,나무기타(ehdg****),2017.01.16 20:13,0,0
10,말이 필요없어여.. 꼭 보세요,12186076,shgi****,2017.01.16 20:14,0,0
10,멋진 재즈 연주가 끝날때마다 나도 스크린속 관객들처럼 크게 박수치고 싶었다!! 하지만 실제 상영관을 가득 메운 사람들은 미동도 없고.. 옆에 아저씨는 지루하다고 하품 쩍쩍...,12186091,funn****,2017.01.16 20:17,0,0
7,결말이 아쉬웠지만 음악도 춤도 좋았던 멋진 영화,12186096,Cristal(loll****),2017.01.16 20:19,1,0
8,좋은영화였습니다.많은생각을 하게 만드는!,12186212,바람소리(aigi****),2017.01.16 20:52,1,0
10,내가 동화속에 있는듯한 영화  깨고싶지 않은 꿈,12186239,성은(06su****),2017.01.16 21:02,1,0
10,라이언 고슬링 마지막 눈빛이 다했잖아요....주르륵,12186252,희(3691****),2017.01.16 21:07,0,0
9,진짜 감동... 대사가 별로 없지만 정말 많은 걸 전달해준 영화ㅜㅜ 배경도 넘 이뻐요,12186257,디닝(kje0****),2017.01.16 21:08,0,0
8,배경이 이쁘고 나의 꿈을 다시 생각해보게 된 좋은 영화다.,12186283,lyy9****,2017.01.16 21:12,1,0
7,스토리 없어서 흥미 떨어지지만 좋은음악 특히 왈츠댄스 추고싶게 하는 영화,12186315,에이드(mbh4****),2017.01.16 21:21,0,1
8,"여자를 위해 현실과 타협한 남자, 남자를 위해 현실과 불협한 여자. 두 사람의 식어버린 지금, 뜨거웠던 어제",12186321,우디(pch8****),2017.01.16 21:23,0,0
10,현실적이지만 사랑스러운 동화납득할 수밖에 없는 결말,12186329,연오(harp****),2017.01.16 21:26,1,0
10,정말 좋은 영화였어요. 꼭 보세요,12186344,연금술사(audr****),2017.01.16 21:30,0,0
10,빰밤밤밤빰바바밤밤밤,12186357,BR(mebr****),2017.01.16 21:33,2,0
8,뮤지컬영화치곤 마지막이 맘에듬,12186359,정권(afte****),2017.01.16 21:35,0,0
10,인생영화 내용은 물론 영상미까지.. 현대적이면서 빈티지함이 너무 좋았음,12186360,오승현(coun****),2017.01.16 21:35,3,0
2,"ost를 먼저 접한 영화, 보통 ost는 삽입된 장면의 이미지로 롱런하는데, 차라리 영화를 안본게 나았을 것 같음...",12186382,외인(ohwo****),2017.01.16 21:39,0,2
10,라라랜드 오에스티 너무 좋았습니다,12186399,audw****,2017.01.16 21:43,2,0
9,아름다운 영상미와 선율 모든것이 완벽한 몇 안되는 관람비가 아깝지 않은 영화였습니다.,12186429,travischoi49(trav****),2017.01.16 21:50,0,0
10,영화가 끝났는데 아직 노래 계속 돌려듣는중... 내가 다시 볼때까지 내리지마세요... ㅠㅠㅠ,12186440,oo(chfu****),2017.01.16 21:54,2,0
9,더할 나위 없지만 옆구리가 시리네...,12186479,바야(bask****),2017.01.16 22:04,2,0
8,나름 탄탄한스토리는 아니지만 극중 나오는 배우들의 퍼포먼스는 맘에들었습니다,12186483,조봉덕(gksk****),2017.01.16 22:05,3,0
10,정말 잘 만든 영화 추천합니다,12186488,kuld****,2017.01.16 22:06,3,0
10,이런게 여운이구나... 잊은줄알았는데 나도 모르게 모든 장면들이 스쳐지나간다.,12186503,감자(gamj****),2017.01.16 22:08,1,0
10,난 남자인데도 꿈을꾸고온거같다..,12186519,은사시나무(davi****),2017.01.16 22:12,1,0
8,손을 처음 잡을 때 짜릿했네요..,12186545,jo1jun(andr****),2017.01.16 22:20,2,0
10,많은 생각을 하게 만드는 좋은 영화!,12186556,박근우(rmsd****),2017.01.16 22:24,2,0
10,인생영화 라라랜드 정말 좋은 영화,12186614,호우호웅(dlgm****),2017.01.16 22:39,3,0
1,중간에 보다가 도저히 앉아못보겠어서 나왔습니다,12186618,민호(gumi****),2017.01.16 22:40,33,22
9,음악이 압권입니다. 왠지 나도 재즈피아노를 배우고 싶어지게 하는 영화....,12186633,hjok****,2017.01.16 22:46,3,0
8,New Hollywood classic musical film.,12186636,EJ(warm****),2017.01.16 22:47,2,0
9,마음편해지는 영화여서 좋았습니다!!,12186654,woody(rlad****),2017.01.16 22:49,2,0
10,"영상미와 배우들 춤추는 동선들이 정말 아름다웠고, 노래가 좋아 보게된건데 영화에서 들으니 더욱 좋네요!! 또 보고 싶습니당!",12186718,supapa(hong****),2017.01.16 23:06,2,0
6,재밋었어오ㅡㅎㅎㅅ ㅎㅎ뮤지컬복합되서그리고현실적결말도좋았습니다,12186739,이내(song****),2017.01.16 23:12,2,0
10,뻔하지 않은 영화라서 좋았다,12186750,어떤날(kimj****),2017.01.16 23:15,3,0
10,그냥 흘러가는 대로 가보자.,12186759,VetMun(crux****),2017.01.16 23:16,3,0
9,참잘만들어진 영화인데 우리감각에,12186806,7259****,2017.01.16 23:28,1,0
10,두번 봤어요 세번 네번 봐도 좋을 영화,12186814,원또니(dnjs****),2017.01.16 23:30,3,0
9,두 번 봤고 또 보고 싶습니다.,12186818,김영환(gura****),2017.01.16 23:30,3,0
10,장기상영의 이유가 있었네요~~~~정말 다시보고싶은 영화입니다,12186892,꽃잎(hh34****),2017.01.16 23:56,1,0
10,인생영화ㅠㅠ다시보고싶다,12186930,경(kyun****),2017.01.17 00:11,3,0
8,It's jazz time,12186973,리리가(cjsr****),2017.01.17 00:25,2,0
8,미야와 세바스찬  테마곡이 계속  귀에남는다.. 음악을  즐기는분 추천,12186981,phyu****,2017.01.17 00:27,3,0
8,환상적인 시각효과와 멜로가 잘어우러졋다,12187024,tjda****,2017.01.17 00:42,3,0
2,저만 마지막에 이해못한건가요..? 별로였어요 ㅠㅠㅠ,12187030,안슬기(dkst****),2017.01.17 00:44,0,6
10,말할 것도 없이 최고의 명작,12187051,윤신우(shin****),2017.01.17 00:49,2,0
10,비루한 현실은 꿈이 빚은 세상으로 환상이 된다.그렇지만 사랑과 꿈 둘중 하나의 꿈은 포기해야한다.,12187052,이불더쿠(kson****),2017.01.17 00:50,2,0
1,이렇게 재미없는 영화는 오랫만이다. 노래는 좋지만 그외에 모든게 글쎄.,12187069,하코(asho****),2017.01.17 00:57,48,22
8,잘 풀어낸듯 싶고 재밌게 봤지만 두번은 안보게될 영화.,12187085,lhn7****,2017.01.17 01:03,0,2
8,연출력이 끝내준다내용은 다소 부족하나 생각을 많이 하게함 밝은 내용은 아니고 오히려 슬픔,12187099,lili****,2017.01.17 01:07,2,0
8,굿굿..굿.굿.굿.굿,12187163,매버릭(ygji****),2017.01.17 01:28,4,0
10,"처음 봤을땐.. 그저 그랬다..두번째 보고나니 음악이 들리고, 주인공들의 감정선이 보이고, 피아노 슬픈 선율 하나하나가, 주인공들의 눈빛 하나하나가 완전 감동이다..마지막엔 눈물이 계속 흘러내렸다! 오랫만에 인생영화...",12187184,kimb****,2017.01.17 01:39,3,0
3,위플래쉬 찍을때 보다 훨씬 좋은 환경에서 연출 했을텐데... 게다가 라이언 고슬링인데...,12187200,딩구(jete****),2017.01.17 01:45,0,3
10,최고의 영화다 고맙다 ㅋ,12187225,넌살아있다(flay****),2017.01.17 01:58,2,0
10,내가 본 뮤지컬 영화 중에서 최고,12187254,홍헌우(hhw0****),2017.01.17 02:06,2,0
10,완벽한 음악의 미장센.,12187261,시규니(pimp****),2017.01.17 02:09,2,0
8,영상 하나하나 기억에 남는 !!,12187264,코너케이(mari****),2017.01.17 02:11,3,0
10,"또보고싶다정말,,인생영화",12187270,김혜원(tpfk****),2017.01.17 02:14,2,0
9,기대 안 하고 봤으면 더 좋았을 걸,12187290,brqs****,2017.01.17 02:22,2,0
9,여친이랑 봤는데 좋았습니다,12187291,Eerie(ejr7****),2017.01.17 02:22,3,0
10,이거 때문에 엘에이 까지 옴,12187335,sesu****,2017.01.17 02:45,3,0
8,조금 중간엔 지루한느낌이 부여되긴햇지만 귀호강 많이하고 왓다 음악을 좋아하는사람이라면 나도모르게 박자를 타고잇을지도 ㅋㅋㅋㅋ,12187397,헤어디자이너 이채(brcl****),2017.01.17 03:18,3,0
10,인생영화입니다 꼭 보시길..!!,12187444,이현목(sgwa****),2017.01.17 03:57,3,0
10,억지없고 현실적인듯 나랑은 먼 얘기같구 아몰랑 여운이 길게 남을듯ㅎ ㅎ 엘에이 놀러갔다온 기분ㅎ ㅎ ㅎ,12187451,stephencurry(hjtg****),2017.01.17 04:11,3,1
10,"지금도 새벽만되면 ost들이 떠오르고, 첫장면부터 마지막 장면까지 머릿속에 스침! 셉 마지막 미소를 보고 난 뭔가 아련아련한 꿈에서 아직 안깬느낌인데 음악도 끝나고 the end라고 막내리는 순간이 안잊혀짐! 볼때보...",12187499,그리미(rlfl****),2017.01.17 05:14,3,0
9,아름답다 못해 찬란한 영화,12187568,manu****,2017.01.17 07:01,2,0
9,노래도 좋고 정말 재밌었어요,12187634,스컬리(kden****),2017.01.17 08:40,3,0
10,"인생영화! 노래, 연기, 내용, 연출이 다 엄청났다 ㅠㅠ 꿈을 위해 노력하고있는 사람에게 도움이 많이 될것같다.",12187668,yebs(hde0****),2017.01.17 09:21,4,0
9,처음에 보고 내스타일이 아니었다시간이 빨리 지나가길 바랬다 지루하게 느껴졌다시간이 지날 수록 난 영화에빠져있었고영화는 끝나있었다초반에 나가는 커플도 있던데 후회 하실거임꼭 보세요!!,12187676,kk29****,2017.01.17 09:27,2,0
10,처음부터 끝까지 가슴설레게 보았다,12187705,밍(unfa****),2017.01.17 09:50,2,0
6,과대포장 느낌  기대하고 열었는데  맘에 안드는 선물같은..,12187715,cine****,2017.01.17 09:55,0,5
10,아.. 이게 라라랜드뽕이구나,12187726,melody(sy41****),2017.01.17 10:01,2,0
10,인생영화bbbb짱!,12187730,진횬(spac****),2017.01.17 10:04,3,0
10,셉스에서 서로를 바라보는 씬에서의 고슬링 눈빛은 잊을수가 없다.,12187829,ysy2****,2017.01.17 11:06,13,1
10,라라랜드는 사랑입니다♡,12187855,알파걸(naan****),2017.01.17 11:19,3,0
10,무슨말이 필요할끄ㅏ 아직까지도 노래가 머리에 맴도는데 ㅠㅠ 그나저나 영화관에서 핸드폰좀 보지 맙시다 ㅜㅠ 개념좀...,12187857,소연쿠(thdu****),2017.01.17 11:19,3,0
10,마지막장면에서 새로사귄 여자친구와 봤지만 혹시 너와 봤었다면 좋았을까 하는 마음이 터져서 울뻔했다. 돌아갈수없는 과거를 영화를 보면서 잠깐이지만 느끼게해줬다,12187862,황금비(tjdw****),2017.01.17 11:21,2,0
7,음  기대했던 것보다는 살짝아쉬웠다다시보라하면 안봐유,12187869,0219****,2017.01.17 11:26,0,4
10,말이 필요할까요???,12187883,han6****,2017.01.17 11:34,3,0
10,너무나도 슬프고도 공감되어 감동적이 였고 개인적으로 5년후 남편이 바뀐게 아쉬웠다,12187955,서영(muns****),2017.01.17 12:10,3,0
10,"극장에서 4번이나봤다. 더이상 말이 필요없는 영화, 더이상 말이 필요없는 감독. 내 인생영화 top2 등극!",12187982,TimeTravel(acea****),2017.01.17 12:20,3,0
10,What a waste of a lovely night,12188012,kay0****,2017.01.17 12:31,2,0
9,간만에 좋은 영화였어요,12188039,mars****,2017.01.17 12:43,3,0
10,호불호 취향차이가 있는것같아요 저는 처음 고속도로씬에서 소름돋고 너무 좋았는데 이상하다고 재미없다고 욕하는사람들도 많더라구요 하지만 전 인생영화라도 장담합니다,12188047,흔들어라(jwoo****),2017.01.17 12:46,3,0
10,너무 이쁜영화ㅏ.. 연출이 넘 이뻐요,12188130,테일러(vkxl****),2017.01.17 13:18,3,0
10,눈물나게 아름다운 영화. 봐도 봐도 아름답단 말밖엔!,12188145,한썸(wlgh****),2017.01.17 13:24,3,0
9,모든게 멋지네요 아름답고 이렇게 마음을 터치하는 영화가 또 있었나 생각하게됩니다 CITH OF STAR~ 음악만 들어도 가슴이 쿵..,12188157,제니스(hj_a****),2017.01.17 13:28,3,0
10,영상미도 짱짱이구 음악도 너무너무 좋았습니다,12188221,이효리(hyor****),2017.01.17 13:57,3,0
9,좋았어요 노래도 좋고 여주도 이쁘고,12188231,3학년설계소수민(smk0****),2017.01.17 13:59,2,0
10,마지막 잊혀지지 않고찡하고 쨍함,12188269,플레(hlov****),2017.01.17 14:17,2,1
6,제목은 잘 만든 영화. 전작이 훨씬 낫다,12188283,풍류랑(beho****),2017.01.17 14:25,0,6
8,눈물 찡! 아름다운영화,12188323,okok****,2017.01.17 14:40,3,1
9,최근 본 영화중에 9점은 처음이다 자투리 시간에 봤는데 라이언고슬링 넘 멋지다 피아노 잘쳐 노래 잘해 춤까지 잘췄다 노래부분이 많지 않게 적당히 가미된 현실적인 인생을 영화화 했다 city of stars 가 내내 ...,12188334,스콜라(scol****),2017.01.17 14:44,1,1
8,음악이랑은 참 좋았지만 생각했던 것만큼 흥미롭진 않았다,12188353,팡실장(rich****),2017.01.17 14:48,0,3
10,너무 즐거운 시간네이버영화예매 전국 영화관 가능해서 짱짱,12188366,doog****,2017.01.17 14:53,3,1
10,101010101010,12188401,미메시스(jung****),2017.01.17 15:05,3,1
9,이영화를 보고 조카가 피아노를 배우고 싶다고 하네여..ㅎㅎ,12188441,양소연(rnjs****),2017.01.17 15:18,3,1
10,저의 생각은 라라랜드를 보기 전과 후로 바뀌었네요 :)태어나서 처음 같은 영화를 두번 보러 극장에 갑니다벅찬 감동이 있는 놀라운 영화입니다,12188465,ming****,2017.01.17 15:25,4,1
10,뮤지컬보는듯 보는재미 듣는재미 스토리 다조아요,12188531,룰루랄라(meno****),2017.01.17 15:48,3,1
10,Fantastic + Wonderful + Great + Amazing + Beautiful = Lala land,12188616,Jonjarles(qkql****),2017.01.17 16:20,3,1
10,2번봤다 3번볼예정임,12188630,김순수(pand****),2017.01.17 16:26,3,1
10,여배우가 쫌만 예뻤으면 11점짜리 영화! ㅋ,12188660,ksol****,2017.01.17 16:35,3,1
10,"주연들 연기력,영상미, 노래 모든 것이 좋고 감동이 가득했던 영화!!! 포토티켓 뽑으려고 앱 다운받은 영화는 처음임ㅜㅜ왜 이제 봤을까 후회가 될 정도~",12188679,SAK(ak_b****),2017.01.17 16:38,3,1
10,정말 재밌게 잘 봤습니다!,12188737,ppss****,2017.01.17 16:59,3,1
9,평점짜게준분들 소감보고 갔는데 보는내내 얼마나감정이 매말랐으면 이걸지루하다고생각하나하는 의문이들었다 색깔 음악 그리고 춤 뻔한이야기지만 양념이너무 맛있다,12188781,야터링(uran****),2017.01.17 17:13,4,1
10,마지막 결말이 반전이네요....그래도 아름다운 영상과 음악이 어우러진 영화였습니다,12188843,foxt****,2017.01.17 17:32,4,1
10,비긴어게인을 뛰어넘는 인생음악영화! 방금봤는데도 다시보고싶엉,12188849,박승우(matd****),2017.01.17 17:33,5,1
9,꿈꾸는 바보들 중에 하나라서 너무 마음이 짠했어요 보는내내 눈물흘리구 퉁퉁불은채 나왓네요,12188876,김정숙(mont****),2017.01.17 17:40,4,1
10,와~ 이뻤어요 마지막에 조금 ... 가슴이 터질것 같았네요  여운이 남네요,12188915,저녁노을산책(eria****),2017.01.17 17:51,4,1
8,도대체 왜 낭만이라는 단어를 괴물 취급해?,12188962,봉래(arbo****),2017.01.17 18:05,3,1
9,다 좋은데 결말이 짱나ㅠㅠ눈물한바가지ㅠㅠ음악에 이렇게 감동받기 오랫만이네요!,12188978,Sue(sue_****),2017.01.17 18:12,3,1
9,정말 아름답다라는 말이 어울리는 영화였다.,12188986,Fio P(hdj0****),2017.01.17 18:15,3,1
8,사랑이든 사람일이든 중요한건 타이밍,12189005,ddun****,2017.01.17 18:20,3,1
1,오 영화보면서 여태까지 자본적이없는데 처음으로 잤어요...ㅎ 처음에 도로에서 노래부를때부터 인도영화인줄알았네요 처음부터 노잼냄새맡고 그냥 보다가 잠들었네요,12189042,나영(nayo****),2017.01.17 18:30,17,9
10,음악과 영상이 잘 어우러지는 굿 영화,12189059,마리안느(wlsg****),2017.01.17 18:38,3,1
10,"영화 시작하고 몇 분 안되자마자 눈물을 글썽였던 것 같다. 정말 벅찼고, 음악에 나오는 가사 한줄한줄, 배우들이 치는 대사 하나하나, 흘러나오는 음악 모두 내 마음에 와닿았다. 언제부턴가 꿈꾸는 것이 사치가 되어버린...",12189074,박지선(joso****),2017.01.17 18:44,6,1
10,"최고의 영화, 인생영화",12189098,sonh****,2017.01.17 18:56,3,1
10,극장에 세번째 가서 봅니다,12189112,더굿맨(jung****),2017.01.17 19:00,3,1
6,기대를 너무 많이 했는지 생각보다는 별로...중간중간 공감이 되는 대사는 좋았으나 전체적인 스토리는 글쎄.. 좀 흔하고 개연성 없는 느낌. 배우들 연기나 영상미는 아름답고 좋은 것 같다.,12189135,도담도담(lucy****),2017.01.17 19:06,0,3
10,음악이 너무 좋아요.그리고 보다 울었당,12189142,아하(kiki****),2017.01.17 19:11,3,1
7,12세관람인데 아이들이보기엔 난해한듯...조카랑 봤다가 재미없다고 혼났음..ㅠㅠ,12189216,ley4****,2017.01.17 19:39,0,2
10,사운드 짱짱! 영상도 예쁘구요.,12189234,나아가(pbr0****),2017.01.17 19:44,3,0
10,개인적으로 영화는 하나의 예술로 바라보는 저로선 매우 재밌게 봤습니다. 영화는 빵빵 터지고 뭐하러 머리를 굴려야 하냐는 생각을 가지신 분들껜 비추합니다. 라라랜드 아까워요.,12189262,독고KOR(vmfk****),2017.01.17 19:54,3,0
10,"음악부터 배우들의 연기 연출 색감 모든것이 완벽. 그리고 가장 중요한 건 마지막 10분 이뤄지지 않은 그 사람과의 미래를 그려보는 것이건 영화가 아니라 ""우리""모두의 이야기.",12189318,익갱이(sky1****),2017.01.17 20:09,2,0
10,같이 본 사람과 행복해지길 바래요,12189407,곰탱(oy42****),2017.01.17 20:29,3,0
10,2번을 봤는데도 또 보고 싶은  영화..머릿 속에서 지워지지 않는 노래와 장면들..,12189509,허금탁(lott****),2017.01.17 20:59,2,0
10,마지막에 눈물펑펑ㅠㅠ,12189517,귤(sby1****),2017.01.17 21:00,2,0
10,좋아요 음악도 너무 좋구요,12189532,sjiw****,2017.01.17 21:07,2,0
9,"음악, 영상, 스토리, 캐스팅 모두 훌륭한 영화입니다!",12189557,viol****,2017.01.17 21:16,2,0
10,음악과 영상 모두 너무 멋져요,12189562,rose(rose****),2017.01.17 21:17,2,0
8,엇갈리더라도 생각한 그 곳에 서 있지 않더라도 삶의 판타지는 흘러갈 수 있는 자들의 것이다..,12189633,girl****,2017.01.17 21:39,2,0
10,놀이공원에서 퍼레이드를 보는 듯 아름답고 환상적이며 즐거운 영화였다.,12189663,설미나(smoo****),2017.01.17 21:48,1,0
10,예술로 치유받는다는게 이런 기분이구나 .. 정말 많은 것을 느낌  DVD 소장용 영화♥,12189665,codu****,2017.01.17 21:49,1,0
10,계속맴도는노래와 영상미진짜굳개인적으론 굉장히 좋았지만 호불호는 확실하게 좀 나뉘는듯?,12189667,mh_a****,2017.01.17 21:51,2,0
10,"근래 본 영화중의 최고. 스토리, 연기, 연출, 음악 모두가 하나되어 감동의 극치, 슬프면서도 아름다운 영화..",12189736,jooj****,2017.01.17 22:11,3,0
10,색감 노래 모든게 이쁜 영화,12189783,parkhyojune(phyo****),2017.01.17 22:26,2,0
8,지루하거나 공감하거나 호불호가 갈릴거 같은 영화 노래와 영상은정말좋다 집에가서도 노래가 맴돈다,12189799,pupu****,2017.01.17 22:30,1,0
10,미치도록 누군가를 사랑한다면.,12189856,이리(ewol****),2017.01.17 22:42,1,0
3,재밌네여음악과 영화의 조화,12189860,류호열(hy05****),2017.01.17 22:42,0,2
10,ㄲ쪼아 남자친구오자친구랑보시요,12189956,송민경(wken****),2017.01.17 23:01,1,0
10,"생각보다 넘 집중하고 봤네요 뮤지컬은 좀 유치하다생각해왔는데 춤과노래,연기 감동이였어요",12190025,찐맘(ky69****),2017.01.17 23:18,1,0
9,현실적인듯 비현실적인 지극히 꿈을찾는 현실적인 영화,12190051,천양(si70****),2017.01.17 23:24,2,0
9,중간중간 약간 지루할수있는 부분이 있었지만 감성적이고 재즈음악에 대해 더 자세히 알고싶어지는영화였어요,12190059,리락쿠마(doro****),2017.01.17 23:26,1,0
10,정말 눈물이 주룩주룩 감동,12190081,뾰로롱(o0to****),2017.01.17 23:32,1,0
3,과대평가의 진수진짜 핵노잼감동도 없고 재미도없고인기있는 이유를 전혀모르겠음,12190082,부두인형(divi****),2017.01.17 23:32,1,1
9,나에게 정말 와닿는 영화..최고였다이 시대를 살아가는 모든 청춘들이 봤으면 하는 영화,12190089,민(jimi****),2017.01.17 23:34,1,0
9,두번째 봤는데도 재밌네요,12190170,jjul****,2017.01.17 23:59,1,0
4,전체적 영상미와 음악은 훌륭하나.... 그냥 너무나 달콤한 막대사탕같은 느낌의 영화,12190197,이정현(dlwj****),2017.01.18 00:02,0,2
10,정말 내생의 최고의 인생영화!!!이 여운이 굉장히 맘에들고 오래갈 것 같다..,12190225,보검상(yeav****),2017.01.18 00:05,2,0
10,빠른 시일에 예약하였고 감사합니다.,12190245,현쑤(gust****),2017.01.18 00:08,1,0
8,서로를 위해 변해 가지만 그것이 서로가 원하는 모습이 아님에 슬펐어요,12190320,예니니(z1z1****),2017.01.18 00:20,12,0
8,너의이름은같은 감성파같은 영화가 쏟아지는 요즘 쉼터같은 포근함과 아름다움이 이토록 황홀하게 다가올 줄은 몰랐다. 중간에 좀 느슨해지는감이 없지않아 있지만 내게 있어서 마치 휴식같은 영화였던거 같네요. 동전의 앞뒷면같...,12190363,DELTA(jhd4****),2017.01.18 00:30,0,0
7,"정통재즈의 이런 매력들로 정통재즈를 추구한다가 아니라퓨전 재즈,재즈가 가미된 팝을 상업화의 폐해라고 단정짓는 것 같아 아쉬웠지만(대화,백댄서) 함께 사랑하고 꿈꾸며 서로 지켜주려하고 서로를 완성시키는, 서로가 있었기...",12190373,박주원(jjwo****),2017.01.18 00:33,0,0
10,그냥...꼭 보세요 진짜 꼭,12190414,Anne(qkdt****),2017.01.18 00:47,0,0
10,너무 황홀하고 재밌었습니다,12190447,정dms(doll****),2017.01.18 00:56,1,0
10,인생영화 !!!대박 ㅎ,12190448,이름없음(rhkd****),2017.01.18 00:57,1,0
10,ㅠㅠㅠ 진짜 보는 내내 너무 행복했다,12190481,Dabin(pdb1****),2017.01.18 01:06,1,0
8,째쯔음악에 푹 젖을수 있는 영화네요.  평범한 러브스토리이지만 뮤지컬이라는 옷을 입으니 근사한 작품으로 탄생한듯합니다  그런데 배경이 너무 어두워서 보는내내 좀 답답함이 느껴지네요...,12190485,miho****,2017.01.18 01:08,1,0
10,누구나 한번쯤 생각해보는 '만약에'를 이렇게 아름답고 서글프게 표현할 수도 있구나,12190492,먀먀(pp1p****),2017.01.18 01:10,2,0
10,"동화책같은 장면과 노래, 지극히 현실적인 내용. 두 상반된 연출 때문에 더 슬프지만 아름답게 느껴져서 결국 끝에는 눈물이 나는 영화다. 영화가 끝난후에도 현실과 꿈의 차이때문에 슬프게 느껴졌다.",12190511,밍양(mkwo****),2017.01.18 01:16,0,0
10,정말 재미있는 영화 였습니다.,12190522,goddess(dlwo****),2017.01.18 01:21,1,0
10,아름답고 황홀하다....!!!,12190563,iuwe(iuwe****),2017.01.18 01:39,1,0
9,마지막 회상씬! 나만 우리가 좋아했던 소녀랑 랩 오버 되었나? 그 영화도 주인공 결혼할때 이랬음 이렇게 바뀌었겠지 란 식으로 끝났었는데,12190643,etro****,2017.01.18 02:08,2,0
10,단언컨대 21세기 최고의 영화,12190655,겟잇(yash****),2017.01.18 02:12,0,0
10,라라랜드최고....,12190663,영턱스클럽스(desp****),2017.01.18 02:18,0,0
10,오프닝부터 어창 소름 돋았음..가볍게 보려고 한건대 결말이 너무 슬펐습니다..,12190667,파스타a(wns2****),2017.01.18 02:19,1,0
10,귀호강 눈화강 꼭 영화관에서 봐야하는 영화다!!,12190734,스트로베리망고(itsb****),2017.01.18 02:43,1,0
7,이 영화가 관객에게 좋은 결말을 생각하게 하는 그런 영화였는지 모르겠지만 마지막 부분에서 여주인공이 가정을 이루고 아이를 안는 장면은 배우가 된 이후의 연극일거라고 믿었는데.. 그래도 서로의 꿈을 이루고 마지막에 돌...,12190754,movingidea(suhu****),2017.01.18 02:56,0,0
7,"뻔 한 스토리, 뻔 한 음악, 뻔 한 연출. 기억할 건 낭만과 추억 뿐. 차라리 뮤지컬을 빼지.",12190891,페노메논(koni****),2017.01.18 04:33,0,0
1,최고에요 꼭 보시길 바래요,12190896,윤승규(pate****),2017.01.18 04:37,4,10
10,다 이루지는 못하더라도.. 마지막에는 웃을 수 있기를.,12190932,워커(lava****),2017.01.18 05:09,0,0
10,10점을 줄수 밖에 없는 영화. 무겁지도 가볍지도 않으면서 감성을 무한 자극.. 삶에 이끌려 말라가는 내 감성이라는우물에 다시 물이 고이게 해준 영화. 모든 ost가 다시 영화를 보는 듯한 느낌을 준다.. 이럴수가 ...,12190941,hwan****,2017.01.18 05:17,0,0
10,예감은 좋았다. 하지만 인생영화일줄은 몰랐다. 좋아하는 여자랑 같이 봐서 더더욱 감동^^ 강추합니다.,12191027,ryu(ryun****),2017.01.18 07:52,0,0
9,마음속에 잔잔한 뭔가가 계속 밀려오는 영화였습니다.,12191115,cool****,2017.01.18 08:54,0,0
8,재미있었어요 두번볼까 생각중입니다,12191125,prof****,2017.01.18 08:58,1,0
10,2016년 최고의 영화!,12191151,viox****,2017.01.18 09:06,0,0
5,잔잔한영화~ 엠마스톤 옷이 너무 예쁨,12191187,hjki****,2017.01.18 09:23,1,1
7,음악과 배우들의 연기가 좋아습니다.,12191257,쭈니뽀(jka0****),2017.01.18 09:56,1,0
8,Ost와 색감이 너무 좋은 영화였습니다. LA로 여행을 떠나고 싶어지는건 물론이고 계속해서 영화에 나온 곡들을 흥얼거리게되네요~,12191276,EUNHEE_uos(gura****),2017.01.18 10:02,1,0
10,라라랜드 ~~ 시간가는줄 모르고 재밌게 관람했어요 ~,12191309,스물아홉어린이(very****),2017.01.18 10:14,1,0
10,잊혀지지 않는 큰 여운이 남는 영화,12191357,0712****,2017.01.18 10:32,1,0
10,10년 후에 100% 재개봉할 것 같은 영화 진짜 수작,12191367,김수현(pica****),2017.01.18 10:36,1,0
7,따뜻한 추억과 아름다운 음악이 흐르는 영화아름다운 색상의 조화로 보는내내 눈이 즐거웠다다시한번  음미해보고 싶은 영화다템포가 느린영화로 역동적인걸 좋아하는 사람들은 지루해할수도 있다,12191402,도널드덕(soo7****),2017.01.18 10:46,0,0
1,음; 중간에 내용이 끊긴건지 중간중간 내용 이해가 잘 안된다. 음악을 좋아하는 사람들이 봤을땐 모르겠지만 나는 내용 자체에 별로 중점이 없는 것 같았다. 귀는 호강,12191549,아(yeen****),2017.01.18 11:18,14,6
10,이 영화의 평점이 8.8인 이유는 결말에 대한 개인의 취향일 뿐이다.영화 자체만으로는 10점 그 이상을 주고 싶은 영화나의 크리스마스엔 재즈가 울려퍼졌습니다,12191613,카랑(lost****),2017.01.18 11:31,0,0
7,중반부까지 동화같이 환성적이고 아름다운 이야기라고 생각했으나.. 반전이...,12191620,그리엔루(sky3****),2017.01.18 11:32,0,3
6,공감가는건 있지만 스토리가 쫌 뻔해요,12191735,세현(gwi0****),2017.01.18 11:56,0,4
2,지루하고 재미없고 잠오고,12191810,푸(p00p****),2017.01.18 12:07,0,4
10,시작부터 중간 결말까지 완벽한 영화,12191824,싹트네(ch_d****),2017.01.18 12:09,1,0
10,너무너무 재밋게 봤어요 시간이 지나가는줄도ㅠ모르고 봤음 ...,12191874,나폴레옹(jjan****),2017.01.18 12:19,1,0
10,2016년에 본 영화중에 최고였음,12191921,정글고(unbi****),2017.01.18 12:27,0,0
10,나는 어디쯤에 있는걸까?,12191925,cvzx****,2017.01.18 12:28,0,0
10,내용은 평범하지만 여운이 오래가는 영화,12192030,jeeey(jane****),2017.01.18 12:45,1,0
8,현실이 아닌 이상을 꿈꾸는 장면에서 다시 현실로 넘어오는 마지막 부분이 참 와닿았습니다. 누구나 한번쯤 그런 경험을 가지고 있을테죠....잊혀지지 않는 영화입니다.,12192160,프레드릭(aswv****),2017.01.18 13:05,0,0
10,너무어무어무어무너무 좋았음,12192198,love****,2017.01.18 13:13,1,0
7,큰 이벤트 없이 잔잔하게 흐르는 영화에요,12192240,CAMEL(hjkf****),2017.01.18 13:19,1,0
9,아직도 그 감동에 가슴이 두근거린다. 시작부터 빠져들어 같이 스텝을 발고 싶게 만드는 환상적인 영화! 또 보고 싶어지는 사랑스런 영화! 무조건 강추!!!,12192269,각설탕(cube****),2017.01.18 13:24,0,0
8,"참 좋은영화지만,,, 너무 인생이 씁쓸해지는 첫사랑과 나의 열정을 떠올리게해준다. 초콜릿처럼 달콤하면서 씁쓸한 영화이다.",12192344,유세희(yous****),2017.01.18 13:34,1,0
10,울다웃다울다 아이키우며 잊고있던 옛생각도나고 정말 힐링되었습니다마지막씬은 잊혀지지않네요,12192501,wjdd****,2017.01.18 14:00,1,0
7,한번쯤 볼만한 영화인거같아요.,12192625,쏘옹ㅋㅋㅋ(nett****),2017.01.18 14:18,1,0
10,기대를 어마무시하게 하고 봤는데도 기대이상 이었다.그리고 출연자들의 의상과 배경의 조화를 이렇게 신경쓴 영화는 처음봤다.,12192660,한똥개(inae****),2017.01.18 14:24,1,0
8,미지막 피아노 한 곡에 담아내는 모든 추억의 회상과 아련함,12192689,머털도사(seop****),2017.01.18 14:28,2,0
9,좋아하는 배우들과 재즈에..행복해지는 영화입니다~~,12192724,happyS(rrra****),2017.01.18 14:33,1,0
10,진짜 리얼 인생영화....이꽉깨물고봤어요,12192729,1ni(dkfp****),2017.01.18 14:34,0,0
7,음악 비주얼 탁월! 스토리는 좀 흔한? 60년대 컨텐츠를 현시대에 맞게 리메이크한느낌 :),12192792,RoBIN(2633****),2017.01.18 14:44,1,0
10,엄지!! 엄지!! 엄지!!!,12192835,띠띠(eunn****),2017.01.18 14:53,1,0
10,진짜 영화 본 후 몇일이 지날수록 명작인듯,12192842,쮸ㅇ야ㅑ(wlsn****),2017.01.18 14:54,1,0
10,꿈꾸는 모든 이들을 위한 영화,12192856,망고(emmm****),2017.01.18 14:56,0,0
10,개꿀재미~오집니다요~,12192942,zz(dlst****),2017.01.18 15:10,1,0
3,기대가 컷던만큼 실망도 컷다. 너무 지루했어요ㅠ,12192951,Marymary(mary****),2017.01.18 15:11,0,1
8,"Trumpet 과 Trombone, Piano, Bass의 Jazz 선율에 취해",12192986,BlueSky(dong****),2017.01.18 15:16,1,0
2,인생을 일차원으로 바라보는 스토리와 짝이 아주 딱 맞는 진부한 서술방식. 깊이 없이 여기도 저기도 아닌 곳을  헤메다 끝나는 영화. 안타깝지만 summer 가 나오는 순간부터 앞으로 얼마나 더 앉아 있어야 하는 가에...,12192995,goandgo(ashu****),2017.01.18 15:18,0,2
7,음악영화를 좋아하는데 이 영화는 애매한 영화다. 일단 스토리도 좋았고 표현력도 좋았다. 하지만 영화를 보는 내내 지루하다는 생각이 들었다. 문제는 계속 반복되는 음악이였다. 음악이 나올때 마다 또 이노래야? 또이노래...,12192998,info****,2017.01.18 15:18,0,0
9,어른들의 현실적인 동화,12193022,dkdnt(soya****),2017.01.18 15:22,2,0
8,영화관에서 왠지모를 화려한 색으로 압도당하고 끝났는데 뒤돌아보니 나도 모르게 라라랜드의 노래를 흥얼거리고 있네요ㅎㅎ,12193025,우유송(hwan****),2017.01.18 15:23,0,0
1,지루함지루함개지루함,12193098,희진(love****),2017.01.18 15:34,30,13
10,긴여운이 남는 영화영화 <노트북> 만큼 오래도록 기억에 오래 남을거같은 아름다운 영화였다,12193217,마농(fran****),2017.01.18 15:56,1,0
10,"영상미, 연출, ost모두 10점이에요.",12193280,송현수(sson****),2017.01.18 16:07,0,0
1,남자친구 버리고 다른남자랑 행복하게 사는 이야기.... 아.. 돈아까워....,12193359,봉사마(modu****),2017.01.18 16:21,23,10
9,둘이 잘된줄알고 해피엔딩 기대했는데 너무 아쉬움ㅠ그래도 그것마저 너무 감동스러움,12193412,유영석(merc****),2017.01.18 16:29,1,0
9,정말 재밌게 보고왔습니다,12193419,두둥(gara****),2017.01.18 16:30,1,0
9,영상미와 음향 둘다 좋네여~~,12193441,tkfa****,2017.01.18 16:33,1,0
8,"음악,배경 감정  모두  굿이였습니다",12193528,soni****,2017.01.18 16:46,0,0
10,너무 즐겁게 보고 나왔어요,12193530,Freya(aadd****),2017.01.18 16:46,0,0
10,"OST, 영상미, 배우들의 연기, 스토리까지 완벽했다. 일과 사랑을 모두 진실하게 해나가려는 fools의 삶을 응원해주는 영화. 마지막 10분을 잊을 수 없다.",12193609,dddd(pure****),2017.01.18 16:57,0,0
8,초반부는 다소 지루해서 잠깐 졸았을 정도...비록 사랑이 이루어지진 않았지만 서로의 꿈을 이루도록 상대를 생각하고 용기를 주는게 진정한 사랑이란걸 느끼게 해주네요,12193654,장은경(37ja****),2017.01.18 17:07,1,1
10,"라라랜드 음악, 영상, 스토리 어느 하나 마이너스 요소가 없는 완벽한 영화였네요 DVD 구입해서 소장 하고 싶은 영화!",12193660,제이콥(jkh3****),2017.01.18 17:08,1,2
10,10점만점에 100점 인생영화 등극!!!두번봐도 감동으 그대로임..,12193712,딩딩e(rune****),2017.01.18 17:16,1,1
9,너무 재미있게 봤어요.해피엔딩은 아니였지만 각자의 자리에서 꿈을 이룬 주인공들의 모습이 좋아보였어요~~꿈은 이루어진다~~^^,12193770,isab****,2017.01.18 17:26,1,2
10,2번 봐도 처음 보는 느낌..인생 영화가 생겼다,12193837,아델리나(fosc****),2017.01.18 17:38,1,2
7,짧고도 긴 지금까지의 내 인생을 다시 한 번 되돌아 보며 큰 결심을 할 수 있었던 영화,12193841,김효경(yu04****),2017.01.18 17:39,1,1
7,음~~~평가만큼  ㅠㅠ,12193856,선희공주(seou****),2017.01.18 17:43,0,1
10,첨엔 조금 그럴수 있지만 점점 잼남,12193891,tnwj****,2017.01.18 17:50,0,2
10,가슴이먹먹해지는..너무재밌어요,12193918,신뇽(pure****),2017.01.18 17:55,0,2
10,아련한 과거의 인연과 현재의 인연. 서로 발전할 수 있게 돕는 것이 사랑..  시절인연이라 할지라도,12193973,limp****,2017.01.18 18:06,1,2
10,감히 1월이지만 올해 최고영화라 생각해봅니다..,12194011,정진(film****),2017.01.18 18:12,2,2
1,영화는 잘만들었다. 하지만 엠마스톤 이 빌어먹을 늬언 때문에 1점준다. 김치늰의 진상,12194013,로체스터 박풍기(hyuk****),2017.01.18 18:12,9,19
10,내 생애 최고의 영화였다 4번 봤다,12194315,빛(roen****),2017.01.18 19:15,1,2
5,그렇게 사랑했다면서 중간과정의 생략되고 헤어진 남녀의 상상장면은 개연성이 없고 노래는 주선율 테마빼곤 별로,12194326,거인의 잠(rusk****),2017.01.18 19:17,1,0
10,"환상의 오프닝 이어지는 놀라운 이야기 그리고 최고의 마무리  2016년 최고의 영화, 그리고 내 인생 최고의 영화",12194360,ㅅㅊㄱ(tlac****),2017.01.18 19:25,1,2
10,오프닝 시작할 때 울어버렸음.. 좀 마음 힘든 시기에 봐서 그런가 완전 밝은 분위기로 사람들이 즐겁게 노래하고 가사도 뭐 내일은 또 해가 뜨니까 이런건데ㅠ 괜히 울컥ㅠㅠㅠ 영화관에서 본 영화 중 제일 빨리 운 거라서...,12194450,차차(com_****),2017.01.18 19:46,1,2
9,음악 영상 내용 모두 아름다운영화..,12194465,없음(numj****),2017.01.18 19:49,1,2
10,개인적으로 보면서 첫사랑 생각나는 ?아련한 영화같아서 좋았음 . 꿈을 추구하지만 비현실적인 결말이 아니라 더 좋았음,12194485,hn(gkss****),2017.01.18 19:55,1,2
9,오랜만에 멋진영화를 봤네요~^^해피앤딩이었으면 더 좋았을텐데 아쉬워요~,12194547,베베맘(pse9****),2017.01.18 20:06,1,2
8,약간 어중간한 듯한 영화 그런데로 잘 봤습니다.,12194560,정리의 힘(foxi****),2017.01.18 20:09,0,2
10,"감정을 이입할수록 감동이 배가됩니다. 라라랜드 세번 봤네요. 연출, 연기, 스토리 뭐하나 빠진게 없습니다. 전반에서 대사를 놓치지 않고봐야 후반으로 갈수록 감동이 짙어지니 이 점 잊지 마세요.",12194683,GENJIL(feat****),2017.01.18 20:31,1,2
1,진짜 개노잼이다. 이딴 걸 돈 주고 본 내가 ㅈㄴ 불쌍하다,12194748,하늘나래(sayj****),2017.01.18 20:45,19,6
1,다른건 모르겠고 엔딩이 매우 찝찝해서 1점 준다.,12194860,XinGGyu(stay****),2017.01.18 21:03,18,5
10,여러 번 봐도 아름다울 영화,12194861,초초(msas****),2017.01.18 21:03,1,2
1,내 평생 이렇게 쓰레기같은 영화는 처음이다. 0점이 없어서 1점씩이나 줄 수밖에 없음이 안타까울 따름이다.,12194960,bdkh****,2017.01.18 21:21,20,7
10,슬프게 아름다운 영화. 마지막 장면은 잊을 수 없다,12195056,junh****,2017.01.18 21:34,1,1
10,내 인생의 영화같은 영화,12195181,쉬입만원(jjan****),2017.01.18 21:55,1,1
10,이 영화는 아직 포기하지말라고 말해주고 있다,12195311,LYNKON(winn****),2017.01.18 22:15,0,1
9,"두시간동안 화장실을 참고본영화. 음악이며 영상미, 내용 다 너무좋았다. 보고나서바로 큰여운이 남지는 않았지만 영화를 보고난다음날 라라랜드ost를 들으니 한번더 보고싶어지는 충동이 들었다.",12195331,정주희(j_jh****),2017.01.18 22:17,1,1
10,두 번 봤어요~~~^^,12195495,BOM(hsk3****),2017.01.18 22:36,1,1
9,아름다운 음악과 영상미,12195567,Angrybro(udor****),2017.01.18 22:48,1,1
8,두 번째 보는데 처음보단 감흥이 떨어진다 생각했는데마지막 두 주인공이 클럽에서 눈 마주치며 웃을때 너무 슬펐어요. 볼 때마다 색 달라서 또 볼 계획입니다. 히히,12195572,두이(char****),2017.01.18 22:49,1,1
10,올해의 영화입니다 진짜 재밌어요,12195585,ohj1****,2017.01.18 22:51,1,1
10,대사가 삶의 파고를 지나쳐 온사람이라면 가끔씩 가슴이 미어지도록 눈물이 나게한다. 어떤 사람들에게는 아주 평범하게 느껴질수도 있을 것이다. 하지만. 자신의 경험이 반영될 때 영화는 미국식이지만 프랑스 영화같은 느낌이...,12195598,하희상(hees****),2017.01.18 22:54,1,1
10,굳 진짜 잘만든거 같다 이런 영화가 계속 나와야,12195605,정도영(son0****),2017.01.18 22:56,1,1
10,기대를 많이 하고 봣엇는데 생각보다 되게 동화같앗어요 마치 뮤지컬을 보는듯한 느낌이엿어요 주인공들의 행동도 다 이해가 되고 현실을 직시할 수 밖에 없는 사랑이야기엿던 것 같아요 특히 ost가 너무 마음에 들어요 남친...,12195634,심정현(jhsi****),2017.01.18 23:01,1,1
10,"색감, 노래 너무 좋다 ㅠ",12195637,김보현(qhgu****),2017.01.18 23:02,1,1
8,"좋은 영화다여운이 남고 마지막 장면은 눈물을 참을 수가 없었다 슬픈 눈물이 아닌, 아름다운 것을 봤을 때 흘리는 눈물이런 기분이구나!",12195654,AMP(ampj****),2017.01.18 23:04,0,1
9,인생의 희비극을 모두 맛볼 수 있었던 영화는 처음 !,12195670,suyeon_ii(92su****),2017.01.18 23:05,0,1
9,영화에 나오는 음악이 매우 좋습니다,12195684,egoh****,2017.01.18 23:08,1,1
9,내용도 깊이있고 전체적인 흐름도 아주잘 짜여져 있어 재미있게  잘봤읍니?음악적이고 예술가의 정신으로 다가가면 많은 감동이 있지않겠나는 생각을 해봅니다?,12195753,전양섭(uun0****),2017.01.18 23:17,1,1
10,인인생생영영화화에에요요,12195818,켄트클릭(rhkd****),2017.01.18 23:26,1,1
9,훌륭한 ost와 스토리라인 덕분에 정말 재밌었어요!!,12195975,까마쿤(wndd****),2017.01.18 23:45,1,1
10,재미지네여 너무너무 재짔어요,12196024,tjdd****,2017.01.18 23:52,1,1
10,무슨 평점만 읽고 있는데도 다시 가슴이 저려오는지... 처음으로 네이버 영화 평 남겨봄,12196114,용준(alfr****),2017.01.19 00:06,1,1
10,무성 영화로 '만약 우리가 이랬다면...' 이라는 가정된 장면들이 나올 때 슬펐다 그래도 마지막에 서로 눈 인사를 나누며 웃는데 아 진짜 슬픔,12196157,치즈킹(sunw****),2017.01.19 00:14,2,1
1,볼만했음. 근데.. 5년 후? 아니.. 여주 애기가 3살은 되보이던데요? 그럼 프랑스로 가자마자 거의 바로 남편을 만났다는건데 ㅋㅋ; 뭡니까? 남주랑 헤어진 것도 아니었구만??;;뮤지컬이야 괜찮았는데.. 스토리는 영...,12196235,akrl****,2017.01.19 00:26,27,15
8,호불호가 많이 갈리는 영화인듯 ㅠㅠ,12196307,kjin****,2017.01.19 00:38,3,0
1,진짜 완전 노잼이예요 ....후회합니다,12196393,y512****,2017.01.19 00:50,27,11
10,쪼금만 더 힘내!!!  300만 다 왔어!!!,12196715,호랭이(clem****),2017.01.19 02:02,1,0
10,숨도 못쉬고 봤다... 너무 좋았음 또 볼거ㅓ임 ㅠㅠ,12196727,혜원(jull****),2017.01.19 02:04,1,1
10,음악도 넘 좋고!!!! 2016년을 멋지게 마무리해준 최고의 영화였어요,12196734,love****,2017.01.19 02:06,1,1
10,처음으로. 나와 다른 의견이 있는 사람들의 취향에 반기를 들고 싶어 졌다.,12196809,산들씨(casu****),2017.01.19 02:31,1,0
10,어딘가 묻어뒀던 내 라라랜드를 꺼내게 해준 영화,12196864,qkrwndud(hyjk****),2017.01.19 02:52,1,2
10,마지막 10분정도... 여주와 헤어진 느낌을 다이렉트로  타격받아 너무 슬프면서도 노래가 경쾌해서 즐겁기도 하면서.. 혼란의 도가니탕이었슴둥..ㅠ,12196903,huck****,2017.01.19 03:13,1,1
8,감정선이 잘 납득이 되지 않는다. 둘이 정말 절절히 사랑한거 맞는지? 너무 쉽게 헤어지고 나서 이랬었다면 어땠을까를 생각하은게 진정성 없어 보였다,12196924,vanillatea(gohe****),2017.01.19 03:21,2,0
10,빼애애액 내 맘에안들고 내가 지루하면 다들 댓글알바랑게 무적논리 ㄷㄷ 나는 얼마나 몰입했으면 내가 라이언고슬링처럼 실연당한느낌들더라 ㅠㅠㅠ 불쌍한라이언고슬링 너무 안타까워서 일어나질못함 ㅠㅠㅠㅠ..,12197035,메미니(memi****),2017.01.19 04:32,0,1
9,라이언고슬링. 다시 또 보고 싶어요.,12197038,LUCKYBY(luck****),2017.01.19 04:35,1,1
10,20년동안 이름없이 좋아해왔던 노래들의 장르를 알려 준 영화. 나도 모르게 들썩거리고 있는 나 자신을 발견할 수 있었다. 드디어 만났네 인생영화!,12197088,복숭아가복숭복숭(hm97****),2017.01.19 05:38,0,1
7,중간에 스토리가 진부해지고 끄는바람에 졸앟지만 마지막에 여운이 강한영화,12197412,박희(park****),2017.01.19 09:39,2,1
1,김치년 양성영화 ㅋㅋㅋ,12197418,사수(rhtj****),2017.01.19 09:41,11,15
10,뒤늦게라도 보기 너무 잘한 영화. 내용이나 연출이나 여러모로 최고였어요. 음악도 색감도 엔딩도 너무 만족 스러웠고 왜 지인들이 최고의 뮤지컬영화라 했는지 바로 이해가 갔어요. 20분 같았던 2시간이었어요. 몰입도 최...,12197428,kimg****,2017.01.19 09:45,1,1
7,영상이 이쁜거 말고는 스토리 연출 등 평범하네요,12197463,하나b(beyo****),2017.01.19 09:57,2,0
10,영상미 스토리 담긴내용 모두 최고,12197535,Finn(race****),2017.01.19 10:25,0,1
10,인생영화. 예상하고 갔지만 스토리 음악 영상 모두 눈을 뗄 수 없었다. 간직하고 매번 보고싶은 영화. 감독의 다음 작품이 기대된다.,12197660,dall****,2017.01.19 11:16,1,2
9,엠마스톤의 연기가 훌륭합니다,12197724,Kim(hkim****),2017.01.19 11:32,1,1
9,현실적이면서 비현실적인 이야기. 잔잔한 여운을 받을 수 있음,12197799,최희정(minj****),2017.01.19 11:55,1,1
8,네 정말 재미있었습다 감사합니다,12197814,키즈리턴(pmki****),2017.01.19 12:01,1,1
8,"마지막 10분.. 극적인 연출 덕분에, 말로 표현되지 못할 주인공들의 감정을 강렬하게 느낄 수 있었다. 함께 웃고 울고 미워하고 사랑하게 해준 영화ㅠㅠ",12197828,푸른산(j_j7****),2017.01.19 12:06,1,1
9,언제나 너를 사랑할거야라는 말의 의미에 대해 생각해보게 하는 영화였습니다.,12197984,제이(turt****),2017.01.19 12:47,1,1
7,평론이 좋다는것보다 실제 감상후 약간 부족한점ㄹ 느낌,12198013,skba****,2017.01.19 12:55,1,1
10,영화 진짜 재밌게 봤당!! 내 인생영화? 라고 해도 과언이 아닌듯 마지막 장면에서 울었다.,12198120,앙 하이드온부띠(alfn****),2017.01.19 13:27,0,1
10,재밌었어요 분위기랑 색감이랑,12198127,zjlalwmvfv(drea****),2017.01.19 13:29,1,1
10,인생영화였습니다 음악이 너므 좋아요,12198130,황규민(kumi****),2017.01.19 13:30,1,1
10,귀와 눈이 황홀해지는 영화. 그리고 마지막의 진한 여운,12198163,피델리우스(salv****),2017.01.19 13:41,0,1
10,"한국이라는 현실에서 살아가는 우리에게, 그래도 너의 소소한 낭만이라도 부리렴이라고, 속삭이던 어떤 순간, 잊혀지지 않을것 같은 영화",12198196,kima****,2017.01.19 13:50,0,1
10,영원히 사랑할거야 그리고 지켜보자ㅜㅜ,12198226,힘차게쭉쭉밀어(kjwu****),2017.01.19 13:58,0,1
8,재미있게  잘봤습니다~^^,12198265,slui****,2017.01.19 14:07,1,0
1,화면은 예쁜데 스토리 바닥,12198405,박우유(qkrr****),2017.01.19 14:43,36,10
6,기대하고 봐서 그런지 너무 지루한 느낌.,12198629,8514425(kim9****),2017.01.19 15:45,2,0
8,"영화보는내내 지난연애를 떠오르게하고 생각하게했지만, 영화관을 나오면서 결말의 눈빛을 다시 생각하면 이모든것은 판타지였음을 알게된다.",12198640,storyiny(aaab****),2017.01.19 15:48,0,0
9,뮤지컬 영화 별로 안좋아했는데... 너무나 큰 감동을 받았습니다...추천!!,12198661,Doky10(dky1****),2017.01.19 15:57,0,0
8,처음에 조금 몰입도가 떨어졌지만 작품전체 완성도가 높았어요,12198818,최미영(west****),2017.01.19 16:42,1,0
10,간만의 인생영화 만나 벌써 2번보고 DVD출시도 기다립니다 음악도 좋고 연출도 좋고 배우들의 연기까지~완전 감동입니다,12198925,배은령(cris****),2017.01.19 17:15,1,0
8,뮤지컬 영화를 좋아하신다면 추천ㅎㅎ,12198947,북극성(jojs****),2017.01.19 17:22,1,0
9,각본이 진짜 너무 좋았어요~~~,12198984,잠실아메바(jsk8****),2017.01.19 17:34,1,0
10,"팜플렛에 약간 줄거리가 적혀저 있어서 대충 내용을 짐작하고 영화를 보았는데,기대 이상으로 정말 재미있었다.이 영화를 보고 정말 좋은 감명을 느꼈고, 영화 제작에 많은 힘을 실은 모든 분께 극찬을 드리고 싶습니다~~♡...",12198996,이쁜이(mal7****),2017.01.19 17:38,1,0
10,노래가 좋다. 연출이 좋다,12199070,사람(andr****),2017.01.19 18:00,1,0
8,다들 재밌다는데 지루했습니다,12199089,커핑카트(libe****),2017.01.19 18:05,2,1
5,너무 기대를 많이 하고 봤나봐요.. 다른 사람들이 꼭 보라고 해서 봤는데 생각보단 잔잔한게 그냥 그랬던 것 같아요!!,12199093,봄날(laso****),2017.01.19 18:06,1,1
7,위플래시만큼은 아니네요. 기대가커서 그랬나? 재미있게봤습니다.,12199122,Artisurgeon(hipo****),2017.01.19 18:10,1,1
8,초반엔 조금 졸리는듯하였으나 후반부에는 감동. 슬픔. 모든것이 밀려네요.. 잘만든영화..,12199152,kky5****,2017.01.19 18:17,1,0
10,끝나고 나서도 여운이 계속 남네요 ost를 하루종일 듣고 있어요,12199181,박수정(ujui****),2017.01.19 18:26,1,0
8,보는 내내 몰입해서 봤네요,12199235,이현성(gust****),2017.01.19 18:44,1,0
9,음악이 가장 인상적이네요,12199274,phks****,2017.01.19 19:01,1,0
10,두번째보는건데 역시좋앗습니다ㅜㅜ,12199374,ㅇㅇ(kyj3****),2017.01.19 19:29,1,0
10,재밌네요또 보고 싶네요^^^♡,12199382,김광진(kimn****),2017.01.19 19:31,0,0
7,개인적으로 스토리가 생각해보면 별로 없다고 느껴지고 개연성이 조금 떨어진다고 생각하지만 영상미와 노래가 다해먹음 그리고 마지막은 정말...bb 너무 잘 그려냈음 볼만해요 괜찮습니다!!,12199466,HS(hyes****),2017.01.19 19:54,0,0
8,내 꿈을 믿어 줘 네 꿈을 믿어,12199502,꾸마(kin_****),2017.01.19 20:03,1,0
10,으어어어거어걱 ㅓ우어어뉴어유유유,12199524,1030****,2017.01.19 20:09,0,0
10,너무 좋았어요. 어찌 그런 영화가 만들어질수 있는건가요  ???? 완전 굿 ♥,12199547,haec****,2017.01.19 20:16,1,0
10,꿈은 이루어지고 인생은 바뀐다,12199554,Mad(nyyh****),2017.01.19 20:18,0,0
8,색감이 예쁨..재미 있었음,12199598,요게벳(ilai****),2017.01.19 20:35,0,0
10,디스무비이즈굿스터프투왓치,12199599,아웃사이더(bsec****),2017.01.19 20:35,0,0
8,기대보단 못했지만...다시 한번 집에서 혼자 보고싶은 영화!,12199612,이노아뜰리에(inov****),2017.01.19 20:38,0,0
8,뮤지컬 같은 구성과 엔딩이 좋았다.,12199630,hyunji(hyun****),2017.01.19 20:42,0,0
10,새해 시작한 지 한 달도 안됐지만 아마도 올해 본 영화중 최고로 기억에 남을 것 같은 느낌적인 느낌.,12199644,sono****,2017.01.19 20:48,0,0
10,재밌었어요오오오오이얏호,12199681,juns****,2017.01.19 21:03,0,0
10,최고의 음악영화.음악인들이 봐야함,12199766,콩이아빠(abso****),2017.01.19 21:30,1,0
10,사랑 얘기인데 짠하고 재미 있어요,12199887,baby****,2017.01.19 22:01,1,0
8,아름답고 환상적이고 현실적이네요.,12200030,심플한그녀(derm****),2017.01.19 22:32,1,0
9,"꿈과 희망, 사랑에 대한 이야기.  다미엔 차젤레의 차기작이 기대된다.",12200073,무비필리아(alst****),2017.01.19 22:42,0,0
8,우린 모두 각자의 가슴속에 잊혀지지 않은 꿈하나가 있다왜 라라랜드라고 하는지 알게 되었다꿈을 꾸는 사람들의 마을 라라랜드,12200086,진아(maum****),2017.01.19 22:45,1,0
8,음악이 감동입니다!!!!,12200162,맹이(twoj****),2017.01.19 23:02,1,0
10,나에게 안 본 사람은 있지만 한번 본 사람은 없다라는 말이 어울리는 영화,12200166,돌곰팡이(ston****),2017.01.19 23:03,1,0
10,결말이.내 스타일은 아니지만 안좋다고는 할 수 없네,12200177,순수결정체셩(kosu****),2017.01.19 23:05,0,0
10,인생영화에요!  영화관에서 3번 봤는데 또 보러갈까 생각중이에요...  매장면이 너무 아름 답고 인상깊어서... 질리지가 않네요,12200234,장은정(aroh****),2017.01.19 23:16,1,0
7,현실적인 사랑이야기여서 공감은 갔으나 뭔가 마지막에 쓸쓸함이 계속되네요ㅠ노래는 정말 좋습니다!,12200480,j_y_****,2017.01.20 00:04,1,0
10,음악만 들어도 울고싶다 ㅠㅠㅠ 진짜 .. 하... 아련..,12200574,애다(lamo****),2017.01.20 00:23,0,0
9,굉장히 재밌었고 두 사람이 이어지지 않은게 아쉬웠던 영화,12200591,Y hi Smle(ds2g****),2017.01.20 00:26,1,0
10,엠.마.스.톤이다...,12200593,잭도슨(qude****),2017.01.20 00:26,0,0
8,막상 봤을때는 그냥 그렇다고 생각했는데 시간이 지날수록 생각나는 영화,12200600,EQ(eqph****),2017.01.20 00:28,1,0
10,가슴을 울리는 영화... 처음부터 끝까지 최고였다,12200607,코피인형(ahhy****),2017.01.20 00:30,1,0
7,극영화에서도 빛을 발해왔으니 더 잘하리라 믿는다.,12200824,무(tosh****),2017.01.20 01:31,1,0
3,너무나 졸렸으나 마지막에 한방...,12200938,차미(cmy_****),2017.01.20 02:07,2,1
10,완전 추천! 진짜 대박이다!,12200962,PiusJY(pius****),2017.01.20 02:16,1,0
9,결말 부분이 다소 급진적으로 진행된듯한 느낌이 있다.,12201012,me2day(all2****),2017.01.20 02:44,1,0
10,"진짜 내 인생영화... 처음으로 혼영 도전함과 동시에 새벽에 딱 봤는데 얼마나 감성 터졌는지 T^T,,, 라라랜드로 음악영화(?)에 입문했는데 너무너무 좋다 라라랜드같은 부류의 영화가 나온다고하면 꼭 꼭 이번처럼 혼...",12201041,지영(pink****),2017.01.20 02:58,1,0
10,감동감동 이건 감동임 알겠음??,12201045,지영웅(jwjd****),2017.01.20 03:00,1,0
9,몽환적인 무언가 생각하게 되네요,12201081,미닉(domi****),2017.01.20 03:25,1,0
9,이뤄지거나 이뤄지지 못한 모든 꿈들에게,12201131,씨엘로(k_iv****),2017.01.20 03:52,1,0
9,음악도 색감도 너무 좋앗어여,12201231,김나연(nyeo****),2017.01.20 05:41,1,0
7,재밌었어요 오프닝도 좋고 음악도 넘 좋아요 다만 여기서 말하고 있는 얘기가 좀.. 영화처럼 동화스로워요 잘 포장된..ㅎㅎ,12201252,나의노래(szan****),2017.01.20 06:09,1,0
9,혼자보기 괜찮은 영화에요,12201264,mila(lal0****),2017.01.20 06:34,1,0
10,스토리 라인으로는 꽉찬 느낌의 영화. 뭉클한 영화.,12201304,아이팟(drkh****),2017.01.20 07:32,1,0
10,오랜만에 좋은 영화 봤네요.,12201317,Chaco(chac****),2017.01.20 07:45,0,0
5,마지막뒤끝이영....,12201327,허브곰(pphh****),2017.01.20 07:56,1,1
10,남자친구 때문에 보게 되었는데 너무 매력적인 영화라서 순간 빠져들게 되었네여!,12201334,이환희(lhhl****),2017.01.20 08:04,1,0
9,Worth to watch it,12201350,유경범(july****),2017.01.20 08:21,1,0
9,어른들을위한동화같은영화,12201364,vogu****,2017.01.20 08:33,1,0
7,인생은 예상되로 뜻데로만 되는게 아닌것,12201399,pass(kn52****),2017.01.20 08:55,1,0
10,감동받은영화너무좋다,12201459,조프로(soni****),2017.01.20 09:42,1,0
10,내 인생 10대영화 안에 듬,12201471,바버탱이(daem****),2017.01.20 09:48,0,0
7,스토리는 별로였지만 영상미와 음악이 좋았음,12201491,missd(awel****),2017.01.20 09:55,1,1
10,ost 와 함께 두고두고 기억에 남을 영화,12201504,삼동맘(bnsn****),2017.01.20 10:02,1,0
9,현실적이라서 좋았던 동화같은 이야기,12201518,onlyUzeng(gmlw****),2017.01.20 10:10,1,0
10,너무 재미있게 본 영화 . 한번 더봐도 좋은영화 노래 좋아요 !,12201519,earl****,2017.01.20 10:11,0,0
10,영화관에서 3번 본 영화는 처음이에요. 비현실적이지만 현실적이어서 아름답고 슬픈 영화. 추천합니다.,12201533,뽀샤시(4975****),2017.01.20 10:18,2,0
9,영화라는 종합예술로 표현할 수 있는 모든 것을 담아냈다,12201534,시대유감(lead****),2017.01.20 10:18,0,0
10,"마지막 7분에 마법 같은 이야기를 꿈꿔왔지만 현실을 나타냈을때,내눈물 다 쏟아내고, 그리고 아련한 첫사랑 다시 기억하게  된다. 그사람 고맙고 감사함을 느끼고 , 그렇게 보내서 미안하다고 말한다.",12201561,작지만큰한걸음(chan****),2017.01.20 10:30,0,0
8,취향이 맞으신분만  보시길,12201567,geni****,2017.01.20 10:33,2,0
10,수식어가 필요없는 영화,12201591,레온(didi****),2017.01.20 10:41,0,0
10,"곧 환갑이신 아버지가 저와 신랑한테 추천하시고 두번 더 보러가셨어요 , 오디션실패를 남탓했다가, 정작 자신을 버렸을때 비로소 자기의 진정한 꿈을 이룬 이야기가 너무 아름다웟어요 각자 원하는 길을 가서 의미있고 현실적...",12201637,파스떼리(styl****),2017.01.20 11:03,1,0
9,공감은 안되지만 영상미와 노래가 굿,12201680,소로(akda****),2017.01.20 11:17,1,0
10,"익숙한 음악과 광고 같은 영상, 메시지,... 뮤직컬이지만 유치하지 않음. 어느것 하나도 버릴께 없는 영화 끝날 무렵에는....",12201684,카카로트(cbsl****),2017.01.20 11:19,1,0
10,여주도 넘 사랑스럽고 OST도 최고예요 :),12201695,ㅋ1ㅋ1(kiki****),2017.01.20 11:26,1,0
10,오늘도 꿈이 있기에 살아갑니다 꿈을 꾸는 바보들을 위하여 내 몸을 논개처럼 던지겠습니다  많은 사람들이 다른 이의 자유로운 꿈을 위하여 죽었다는 걸  깨닫고 망치로  쨍맞은 느낌 그토록 갈망했는데 하루 1시간이라도 ...,12201763,뷔느띠앙(hade****),2017.01.20 11:54,0,0
8,보다가 조금졸았지만 음악이랑 영상이너무예쁜영화,12201819,tjsd****,2017.01.20 12:14,1,0
9,굿굿 어려운영화 내스탈!,12201928,ozma****,2017.01.20 12:51,1,0
10,나에겐 영화의 모든 순간이 리얼리티였던.,12201942,요르(keny****),2017.01.20 12:56,1,0
10,OST 좋고 영상미 이쁨.,12201944,해맑(jwha****),2017.01.20 12:56,1,0
9,"섬세한 연출, 공감가는 네러티브. 근간에 본 영화 중 최고였다.",12202041,ssim****,2017.01.20 13:24,1,0
4,기대에 못미치네요 인터넷에서 반응이 너무 뜨거워서 기대했으나 영상 음악 빼고는 다 별로 실망했어요ㅠ,12202074,시현맘(mich****),2017.01.20 13:34,1,2
10,"내용은 현실주의, 영상은 몽환적. 예술하는 사람이라면 많은공감이 갈것이고 눈물날꺼예요. 비긴어게인도 ost가 좋았지만 라라랜드 스토리가 더 탄탄하고. 영화보고 잠들때까지 여운이 남는 영화. 강력추천.",12202083,sunm****,2017.01.20 13:37,1,0
10,집오자마자 노래 다 다운받음...갓ㅜㅜ,12202147,앎(mist****),2017.01.20 13:56,1,0
9,비현실적이면서 동시에 현실적임... 감정과 관계의 변화를 표현하는 방식이 너무 좋았다.,12202159,ㅇㅇ(dhn0****),2017.01.20 13:58,0,0
10,카페 소사이어티에 비긴 어게인을 입혀놓은 듯 영화 코멧이 놓친 모든 것을 담백하게 잡아놓은 영화,12202178,Leopard Banana(chic****),2017.01.20 14:04,1,0
10,인생 최고의 영화..!!!!,12202202,한시월(szuu****),2017.01.20 14:13,0,0
10,썸남이랑 보고 비록 썸은 깨졋지만 ^^ 아름답고 희망찬 내용이에요,12202255,마리(wltn****),2017.01.20 14:27,2,0
10,여운이 많이 남네요 최고,12202263,볶은아몬드(kjs2****),2017.01.20 14:29,1,0
10,기대안하고봤는데 재미있습니다,12202319,rlaw****,2017.01.20 14:44,1,0
9,"매우 괜찮은 영화 하지만 뮤지컬을 평소 안좋아한다면 별로일지도 개인적인 평으로는 매우 좋았다 영화라기보단 한편의 연극, 뮤지컬을 보는거 같은느낌",12202318,dayo****,2017.01.20 14:44,1,0
9,첫 장면의 롱테이크는 정말 산뜻한 충격이었다,12202378,정민교(0427****),2017.01.20 15:02,0,0
9,각자의 꿈을 이루었지만! 왜 그때 그냥 흘러가도록 나두었을까?,12202408,가을사랑(bjli****),2017.01.20 15:12,1,0
9,오랫동안 기억될 뮤지컬 영화.,12202412,일산두꺼비(come****),2017.01.20 15:13,1,0
10,노래와 화려한 영상미.정말 후회안할 영화다.,12202695,참진한(jinh****),2017.01.20 16:31,0,0
7,좋은 영화였지만 중간중간 조금 지루했다,12202711,mh02****,2017.01.20 16:36,1,2
9,오랜만에 기분전환되는 좋은영화를 본거같다.집에가면서 나도모르게 멜로디를 흥얼거리며 걷고있더라.,12202723,바람의향기(msle****),2017.01.20 16:39,0,0
9,애잔한 영화..음악영화는 다 좋은거 같아여,12202818,sera****,2017.01.20 17:10,0,0
1,무슨 내용인지 모르겠다,12202857,여행(spqj****),2017.01.20 17:21,14,7
9,흥미진진하고 재미있었오요,12202893,jcle****,2017.01.20 17:31,1,0
2,나만 이해못하는영화같다... 노감성ㅎㅎㅎ,12202972,윤주은(joo_****),2017.01.20 17:52,1,3
10,"취향저격... 노래, 영상미, 연기 다 좋았습니다ㅠㅠ!! 결말때문에 호불호가 엇갈릴 수 있지만 제겐 퍼팩트했습니다..!",12203024,폐인귤(krch****),2017.01.20 18:13,1,1
10,가슴 따뜻하면서도 먹먹해지는 영화. 음악이 짱.. 좋았습니다 정말!,12203087,쌤쌤(kims****),2017.01.20 18:38,1,1
10,음악도 좋고 분위기도 좋음,12203288,kobd****,2017.01.20 19:38,1,1
10,음악이 너무 아름다운 영화입니다~^^ 강추해요,12203293,이정(debr****),2017.01.20 19:39,1,1
6,"조선의 냄비근성, 남의눈치보는 종특때문에 재미있다고, 나는벌써 몇번이나 봤네 하며 떠들어대는거에 낚여서 봤다. 그냥 특색있는 헐리우드에서 만든, 카레냄새 나는 영화이다. 언제부터 이런 실험적이고 예술적 영화를 니들이...",12203333,star****,2017.01.20 19:52,0,3
10,재미있게봤습니다 굳굳,12203336,sfgh****,2017.01.20 19:53,1,1
10,손에 꼽을 만큼 재밌게 본 영화입니다,12203373,롤스로이(love****),2017.01.20 20:08,1,1
10,뮤지컬 싫어하는데 정말 좋았습니다.최고의작품입니다,12203437,알파CHOI(onu6****),2017.01.20 20:31,1,1
9,3번째 봐도 감동적-!,12203473,koko****,2017.01.20 20:41,1,1
9,마지막 회상신은 정말 폭팔적이다.,12203505,11010101(ksz2****),2017.01.20 20:52,0,1
10,처음부터 끝까지 너무 좋아서 눈물이 났다.,12203532,써니(jise****),2017.01.20 21:00,0,1
7,해피엔딩 이었으면 좋았을건데....,12203533,정범호(zgol****),2017.01.20 21:01,0,2
5,결말이 미워서 5점. 오디션 곡 마음 아팠어요,12203547,YUU(jaes****),2017.01.20 21:05,0,1
1,보는내내넘지루했네요. .ㅡㅡ;;;눈물이없는거아닌데. .도대체어느포인트에서눈물이나는건지;;;,12203548,오윤희(jjjl****),2017.01.20 21:06,27,6
10,"사랑과 꿈, 행복을 향한 청춘의 애절함",12203580,ivyd****,2017.01.20 21:14,1,1
8,볼만합니다 스토리도괜찮고 배우들의 연기도 좋습니다,12203611,여행스케치(suno****),2017.01.20 21:22,1,1
10,영화를 보고 있을 때 뿐만 아니라 보고 난 후에 계속 생각할수록 여운이 짙어진다..ost만 무한반복재생중...한번 더 보러가야겠다,12203663,옥교(wpdl****),2017.01.20 21:34,0,0
8,"아름다운 영상과 음악, 마음을 울리는 내용과 더불어 엠마 톰슨의 매력을 발견하게된 영화입니다. 나오면서 바로 또 보고 싶다는 생각이 들었어요.",12203677,두아들맘(swee****),2017.01.20 21:38,2,1
10,마음을 울리는 꿈과 현실,12203680,칸타빌레(lysp****),2017.01.20 21:40,2,1
9,연애에 관해 많이 생각하게 만든 영화,12203698,사비올(cybi****),2017.01.20 21:46,2,1
8,잘봤어요. 영상미가 좋군요,12203710,알피(newk****),2017.01.20 21:48,2,1
10,시작부터 신기하고 음악 좋은 영화였습니다.,12203714,발론까(valo****),2017.01.20 21:50,2,1
10,신나고 슬프고 그런 영화,12203717,갭2ㄴ(gavi****),2017.01.20 21:51,2,0
9,눈물이 계속 나네요 그  이유를 몰라서 더 슬퍼요,12203744,알로카시아(kbr6****),2017.01.20 22:01,2,1
9,노래가 참 좋았습니다.,12203956,www(wwww****),2017.01.20 22:44,2,1
8,귓가에 계속 맴도는 노래~~^^ 여운이 남는 영화입니다,12203975,Daisy(witc****),2017.01.20 22:49,2,1
8,두번째 보니 깊이가 다르다,12203976,cldj****,2017.01.20 22:50,2,1
10,할말이없음도데체몇번을본거지,12203999,Seon(eric****),2017.01.20 22:55,1,1
10,최고입니당 정말 재미있습니다,12204096,lwma****,2017.01.20 23:11,1,1
9,나름 볼만했름 ㅔ헤헤헤헿ㅎ,12204101,jwon****,2017.01.20 23:12,1,1
10,볼만함니다잼있어요보세요,12204113,바디실드(ansr****),2017.01.20 23:15,1,1
10,완벽하고완벽해또보고싶다,12204140,미르(mill****),2017.01.20 23:20,1,1
10,오프닝부터 벅차서 눈물이 났다! 최고의 영화,12204143,비타민워터(xofl****),2017.01.20 23:20,0,1
10,여운이 많이 남는 명작 영화,12204179,만돌쓰(iveg****),2017.01.20 23:28,0,1
10,"아름다운 영상과 음악, 두 남녀 간의 사랑이 애틋하면서도 결국엔 이루어지지 않은 사랑이었지만 그래도 좋았던 작품이었습니다.^^",12204210,jang****,2017.01.20 23:35,1,1
10,너무 감동적으로 잘봤네요,12204283,sdr2****,2017.01.20 23:49,1,1
9,감독이 사람 관찰을 잘 하고 영화에 잘 녹아들었다는 느낌이 있다,12204309,스켓치(s_pl****),2017.01.20 23:56,1,1
10,꿈과 현실이 만나다. 더하지도 빼지도 않은 아름다운 인생을 제대로 보여준 영화. 30대 초의 천재 감독. 여전히 매력적인 라이언 고슬링 그에 못지 않은 엠마 스톤..캬~~~,12204404,mymy****,2017.01.21 00:14,2,1
10,영상 음악 배우 연기 모든 게 완벽했어요,12204432,g524****,2017.01.21 00:19,1,1
10,노녀여라류려니ㅜ나나뉴너난,12204487,은지(eunj****),2017.01.21 00:31,1,1
10,오랫만에 두근거리게 했던 음악이었고-영상미도 내용도  좋았던 마음이 꽉찼던 영화!,12204522,rori****,2017.01.21 00:38,2,1
10,마지막이 슬퍼요. ㅠㅠ해피앤딩으로 바꿔주세요.,12204709,fsoo****,2017.01.21 01:23,1,1
10,'빌리 엘리어트'처럼 뮤지컬로 재탄생하면 좋겠다!!!,12204810,장미칼 검객(phin****),2017.01.21 01:44,0,0
10,"아~~ 여운이 가시지 않네요. 뮤지컬 영화중 최고입니다.어색하거나 뜬금없는 뮤지컬 삽입이 아니라 뮤지컬이 아니었으면 자칫 통속적이었을법한 스토리를, 뮤지컬 덕분에 진부한 표현없이 쿨하게 빠져들게 하는 매력있는 영화였...",12204857,노매드(arch****),2017.01.21 01:58,1,0
9,살짝지루했지만 뭔가감동적인영화,12204965,지혜진(jiha****),2017.01.21 02:40,1,0
6,엔딩 말고 별 감흥이 없었다.,12204974,kham****,2017.01.21 02:43,0,0
10,캘리포니아와 성공..아름다웠던 20세기의 동화같지만 슬픈 이야기,12205114,Mita(theo****),2017.01.21 04:01,1,0
6,재미없어요ㅠ 돈아까워서 끝까지 버티면서봄,12205156,pjjjang(vudw****),2017.01.21 04:50,2,0
9,"표지만 보고 그저 그런 로맨스 영화라고 생각했는데, 충격먹었다. 서로의 꿈을 이루려면 여자와 남자는 사랑을 포기할 수밖에 없고, 사랑을 선택하면 서로의 꿈은 못이루는...",12205157,어느 봄 날(ridd****),2017.01.21 04:52,0,0
10,간만에 평점 남깁니다. 원래 감명깊게 본 영화들만 남겼습니드..쉰들러리스트 시네마천국 파이트클럽 이터널선샤인 트루먼쇼 세븐 인셉션 타이타닉 레옹 글래디에이터 빠삐용 등등... 제 기준! 이 명작들과 나란히 평점을 남...,12205205,ssh1****,2017.01.21 05:50,1,0
10,내 인생영화다 수록곡 하나하나 마음을 울려서 아직도 못벗어나는중 최고,12205210,WSHW(lees****),2017.01.21 05:55,1,0
10,다시 또 가슴뛰는 삶을 살고 싶어진다.ㅠㅠ,12205235,왕방울(netd****),2017.01.21 06:43,0,0
9,꿈에대해다시힘을주내요,12205376,유리(znlw****),2017.01.21 09:09,1,0
10,계속 생각나는....,12205379,비움ing(toot****),2017.01.21 09:10,1,0
8,노래가 너무 좋았고 전남친이 생각나는영화,12205393,dptn****,2017.01.21 09:17,1,0
9,처음에는 행복하다가 나중에는 슬퍼지는것이 무드인디고와 비슷하다는 것을 느꼈고 매우 노래가 좋았다!!!,12205422,pcdo****,2017.01.21 09:36,1,0
8,일과 사랑 중에 일을 선택할 수 밖에 없게 만들었던 상황... 삶을 살아갈 때 항상 선택의 기로에서 살아가는 우리들에게 참 많은 고민을 하게 했던 영화였던 것 같아요.,12205428,김민영(min4****),2017.01.21 09:40,1,0
7,음악은 좋으나 내용위주의 영화를 좋아하시면 좀...,12205504,엘라임(hpyl****),2017.01.21 10:22,1,1
10,지루할줄알았는데 재밌음 꼭보세요,12205510,재규어(yess****),2017.01.21 10:23,0,0
10,재밋엇어요! 또보고시픔,12205554,니나(nina****),2017.01.21 10:44,1,0
10,최고의영화 눈물와르륵,12205589,sung****,2017.01.21 10:59,2,0
10,"that now, our dream. they've finally come true",12205631,비 비(subi****),2017.01.21 11:07,1,0
10,말이 필요없는 최상의 영화입니다.,12205717,삶이아름다운그대(7eme****),2017.01.21 11:35,1,0
8,노래도 좋앗고요 아주 재밋엇습니다,12205726,dirn****,2017.01.21 11:36,1,0
10,"위플래쉬 그이상, 목표를위한 고뇌,갈등에서 나오는 긴장감은 이루어 말할수없이 황홀하다 보면 내내 즐겁고 흥미로웠던 유일한 영화",12205738,푸틴(rlat****),2017.01.21 11:42,0,0
10,현실과 꿈 사이를 오가고 또 타협해나가는 모습이 뭔가 슬프게 느껴지네요. 좋은 노래들과 멋진 영상미에 스토리까지 정말 재밌는 영화였습니다.,12205822,쿨쿨(jinj****),2017.01.21 12:02,1,0
9,원래 뮤지컬을 즐겨보지도않고 드라마장르의영화도 좋아하지않지만 라라랜드는 오랜만에 눈과 귀를 호강시켜준 영화였습니다.,12205838,김승준(ksja****),2017.01.21 12:07,1,0
10,최고였어요두번보고또보고싶네요,12205915,은뿡이(qhrr****),2017.01.21 12:29,2,0
9,오랜만에 감성을 촉촉하게 적신 영화!,12206046,3don****,2017.01.21 12:57,1,0
9,올해 최고의 영화!! 로멘틱해서 여성분들이 좋아할듯,12206051,박카스(wwid****),2017.01.21 12:58,1,0
10,재즈를 좋아하는 분이시라면!,12206085,slee****,2017.01.21 13:06,1,1
10,황홀하다 재밌다..~~,12206121,engu****,2017.01.21 13:15,0,0
10,너무너무 재미있게봤어요,12206146,koye****,2017.01.21 13:21,1,0
9,초반에 춤이랑 음악이 너무 강렬해서 후반에도 춤이 많이 나오길 기대했는데 아쉬웠다 하지만 후반부 여주인공과 남주인공이 만약을 상상하는 장면이 너무 아름다워서 안타깝고 슬펐다 장면장면이 이쁘다,12206155,지현Vv(cvob****),2017.01.21 13:24,1,0
10,너무 행복했던...아련했던 영화입니다.,12206168,고선연(suny****),2017.01.21 13:27,2,0
7,지루한 감이 있었지만 마지막 장면 연출이 너무 좋았네요.,12206175,눙먀(qmf_****),2017.01.21 13:29,0,1
10,사랑이라는 보이지않는 추상명사를 눈으로 보여준 마법같은 영화 그리고 그 사랑의 시작과 끝을 마음속 깊숙히 새겨주는 영화,12206201,주드남(2seh****),2017.01.21 13:35,0,0
8,"그림과 음악이 주는 편안함과  예상되는  스토리들이지만, 사람들이 즐기며 볼 수 있는 영화라서 좋습니다  다시 보고 싶네요",12206218,monet(elen****),2017.01.21 13:39,1,0
10,간만에 본 영화중에 최고^^,12206226,쭈리쭈리(soci****),2017.01.21 13:40,1,0
10,소개팅녀랑 12월 31일에 봤는데 영화땜에 그런지 아직 잘 만나고 있습니다 그래서 저는 평점 10점이요ㅎㅎ,12206301,lamong(chao****),2017.01.21 13:58,1,0
1,허황된꿈을 꾸는 영화임,12206333,박진(song****),2017.01.21 14:06,20,5
8,영상미가 정말 아름답고 여운이 남는 영화네요^^,12206373,heee****,2017.01.21 14:17,1,0
10,감동적인  내용전개가   젊은이들의   진정한  사랑얘기인것 같아요 넘  잘 봤습니다,12206412,imag****,2017.01.21 14:27,1,0
10,현재까지 본 내 인생 최고의 영화를 오늘 봤다.  그래서 만점를 준다.  재즈 같은 영화.  영화관에서 보길 정말 잘했다는 안도감이 든 영화  ㅎㅎ,12206458,원가쟁이(sua9****),2017.01.21 14:38,1,0
8,아름답고 멋진 두사람♡,12206605,김명옥(figh****),2017.01.21 15:16,1,0
10,과연 행복한 결말인가....여운이 남고 좋다,12206616,DeStiny(blue****),2017.01.21 15:21,1,0
8,유쾌함을 가장한 엄청 슬픈이야기,12206621,maybebaby(cccj****),2017.01.21 15:23,2,0
10,어른동화 같은 이야기..,12206631,soli****,2017.01.21 15:26,1,0
9,재밌지만 조금 지루해여 하하하하,12206654,ddd(fnsk****),2017.01.21 15:31,1,0
4,'본투비 블루' 류의 영화를 좋아하는 타입이라 그런지 이 영화는 별로..,12206658,앤(tyny****),2017.01.21 15:32,0,2
10,"현실은 꿈은 아니지만, 그럼에도 아름다울 수 있다.",12206765,keibeeinc(soul****),2017.01.21 15:58,1,0
8,수상작다운 뮤지컬영화였다,12206789,peridotch(albe****),2017.01.21 16:02,1,0
9,할링되는 영화같아요 재밋어요,12206881,roro****,2017.01.21 16:22,1,0
9,아주 잘만든 뮤직영화  음악도  좋았고 내용도 좋았음.특히  신파로 흐르지 않고 인생을 담담하게 표현한 밝음이신세대의 새로운 인생관으로 다가옴.아직도 귓가에  '미아&세바스티안'의  테마인 피아노  소...,12206899,쁑쁑(eung****),2017.01.21 16:25,1,0
10,굿굿굿 상당ㅎ재밌엇네여,12206961,죽전단대앞보정동(ehyj****),2017.01.21 16:37,1,0
9,꿈과 사랑사이에서 청춘들의 고뇌가 느껴지는 멋진 작품.. 꿈을 이루기 위해 노력하는 과정과 사랑하는 이의 꿈을 이루게 하고자 연인마저 떠나보내는 이성적인 사랑이 참 보기좋다.,12206964,jasmine(jasm****),2017.01.21 16:37,1,0
10,왜 이제느야 봤는지. 너무 아름다운 영화였어요,12206996,쩡아(grim****),2017.01.21 16:41,1,0
4,별로... 영상만 좀 볼만한듯,12206997,리발(joyo****),2017.01.21 16:41,0,1
9,진짜 좋았을 영화인데누구랑  보느냐에  따라 다를듯^^;;;;,12207001,kyun****,2017.01.21 16:42,2,0
10,너무나 아름다운 영화입니다,12207011,talk****,2017.01.21 16:45,1,0
10,2016년 최고의영화였다,12207014,door****,2017.01.21 16:45,1,0
10,마지막 장면 10분 내내 가슴이 먹먹하고 눈물이 흘렀다.,12207135,시도(kkee****),2017.01.21 17:07,0,0
2,로맨티스트의 환상을 개박살낸 영화ㅋ제목 분위기 컨셉은 감상 환상주의컨셉으로 잡아놓고 박판에 극사실주의 결말 ㅋㄱ,12207156,시인의별(kang****),2017.01.21 17:10,0,1
10,"마지막에 ""그자리가 내자리였어야 해"" 같은ㅋㅋ그때 우리그 그랬더라면 그때 내그랬더라면 지금 니옆자리는 내가됐을텐데 라고 하는장면과마지막 눈빛교환은 ""말하지않아도 알아요"" 와눈빛으로 서로 ...",12207184,꽃예린(ph74****),2017.01.21 17:15,0,0
10,내 인생영화 라라랜드 평생 소장감,12207221,티몬(timo****),2017.01.21 17:21,2,0
10,재밌어요. 누군가 어른들을 위한 동화라고 했죠,12207238,Tor(juho****),2017.01.21 17:23,1,0
8,2016년의 마지막 영화가 이 영화라서 행복하다  이 감독의 발전이 기대된다,12207255,키다리(zmal****),2017.01.21 17:27,0,0
10,보는내내 정말 재밌었고 마지막엔 눈물이 나왔음,12207272,따봉이(jwl0****),2017.01.21 17:32,1,0
9,배경 음악이 가슴에 와 닿았습니다,12207308,곰탱이(ms_y****),2017.01.21 17:40,1,0
10,최고였다. 엔딩도 맘에 들고...,12207310,Foreverpsg(smil****),2017.01.21 17:41,1,0
8,"환상적인 화면과 음악이 인상적이었음.특히 라이언 고슬링이 대역없이 피아노를 쳤다고  하여 놀랐음,스토리는 약간 약했음",12207319,97su****,2017.01.21 17:44,2,0
10,친구들이랑 같이 보러 갔는데 정말 감동이었습니다. 적극 추천합니다.,12207356,gtan****,2017.01.21 17:50,1,0
10,로맨틱하고 너무 좋았어요! Ost도 좋아요,12207432,mintul(macf****),2017.01.21 18:06,1,0
10,감동적이고 눈과 귀가 즐거웠다.엔딩이 조금 아쉽긴 했어요,12207500,후레지아(shs2****),2017.01.21 18:19,0,1
8,추억의 시간을 선물해줍니다.,12207654,yypp****,2017.01.21 18:47,1,0
10,love this movie,12207719,hjk000(kjki****),2017.01.21 18:57,1,0
10,지루하다는 평이 있어서 별 기대안했는데... 영화 끝나고 박수쳤어요. 정말 인생 영화!,12207732,스누피(soho****),2017.01.21 18:59,2,0
10,잔잔한 여운이 많이 남는 영화...  잘 만들었어요,12207750,김예슬(ysk2****),2017.01.21 19:01,2,0
10,뻔한 스토리와 떨어지는 개연성이란닼ㅋㅋㅋ이 영화컨셉이 고전인데 당연히 영화모르는 니들 눈엔 그렇겠지 cg장면이 ㄹㅇ 명장면인데 웃긴단다 고전영화같은거 본적은있냐? 할리우드 블록버스터에만 길들여서 그런지 영화보는눈이 ...,12207756,ygh1****,2017.01.21 19:02,2,0
10,정말 환상적이다 영화에 빨려들어가서 다른생각은 하나도 안들고 오직 영화에만 내모든 정신이 쏠렸다,12207827,블루(by20****),2017.01.21 19:15,0,0
10,눈이즐겁고 귀가즐거운   한편의 뮤지컬이네요,12207884,나무늘보(dlwn****),2017.01.21 19:25,1,0
9,훌륭한 스토리다. 재즈의 무거움을 덜어내고 재즈를 처음 듣는 사람을 배려한 영화이다. 재즈매니아가 본다면 다소 아쉬울수 있지만 재즈를 사랑하는 사람이라면 중간에 남주가 말하는 말들이 공감될 것.,12207918,Piano(smqs****),2017.01.21 19:33,1,0
9,즐겁게 보고왔습니다.음악과 사랑과 미래에 대한 이야기 좋았어요!엠마스톤도 너무 이쁘네요 :) 남자친구랑 손 꼭 잡고 봤던.. 씨티오브스타를 흥얼거리며 집가고 있네요~,12207951,이고은(ggon****),2017.01.21 19:38,2,0
9,언니가 추천해줘서 봤는데 정말 재미있게 봤네요,12208001,꽃사슴(goeu****),2017.01.21 19:47,2,0
10,최고 최고. 근래 본 영화중 제일 유쾌하고 탄탄한 스토리 그리고 노래와 춤. 강추합니다.,12208003,redshrimp(reds****),2017.01.21 19:48,1,0
5,개인적인 생각으론 좀 몰입도가 떨어지는 영화같아요 뭔가 어수선한 느낌이랄까..서로의 꿈을 응원하고 인정해주는 모습은 정말 멋지고 부럽기도 했지만 반면 너무 현실적인 부분도 반영된 영화 같아서 좀 씁쓸했습니다 진정 말...,12208041,스머피(spow****),2017.01.21 19:55,0,2
8,"이렇게 행복하게가는 스토리에서 결말은 예상은 햇지만,여운이 길게 남습니다,중간에 지루해서 졸리실수 있는데 마지막을 보기위한 단계라 생각합니다",12208087,나래(gild****),2017.01.21 20:02,1,0
9,뮤지컬 영화는 별로 안좋아하는데 음악에 빠져드네요,12208153,깐돌이(hyuk****),2017.01.21 20:18,1,0
10,굳나너터ㅓ아너ㅓ웅우ㅜ우어너넝,12208161,사바(rnrt****),2017.01.21 20:20,1,0
6,여자를 위한 판타지 ..ㅡㅡ,12208195,코알라(braz****),2017.01.21 20:26,0,2
9,심심할때 보기 좋은 영화.노래는 좋지만 여운은 케바케인듯,12208229,스프(ansd****),2017.01.21 20:34,1,0
10,최고의 영화!!! 아름다움 !!,12208323,이경아(fant****),2017.01.21 20:53,1,0
10,엠마스톤 얼굴이 예쁘고.엠마스톤 목소리가 예쁘고.,12208496,vanilla bean(pati****),2017.01.21 21:25,1,0
9,꼼꼼히 보고 싶어 다시 봤다.  굉장히 잘 만들어진 영화였고  감독의 연출력이 훌륭했다.,12208552,민디(c2m9****),2017.01.21 21:36,2,0
10,인생영화 하나 탄생...,12208632,jinh****,2017.01.21 21:51,1,0
1,평점에 낚이고 전문가평점에 또 낚였다...하..,12208642,dondon(dive****),2017.01.21 21:52,18,3
10,r꿈을가진 사람들이라면 충분히 공감될 내용.,12208667,jeyo****,2017.01.21 21:59,2,0
10,멋진 영화예요. 음악도 멋져요,12208678,니채(knic****),2017.01.21 22:01,1,0
1,내용이 조금만 더 있었더라면... 더 좋은 영화가 되었을 텐데...,12208696,cfxuq2ez1L(kih9****),2017.01.21 22:03,10,6
1,지루하고 개연성없음...,12208712,dyea****,2017.01.21 22:05,40,16
10,영화가 넘 예뻐요 ㅠㅠ 달달,12208737,롱다리펭귄(anit****),2017.01.21 22:10,1,0
6,음악이라는 분야가 관심분야가 아니면 조금 지루할까 있음,12208746,지지(jiji****),2017.01.21 22:12,0,1
1,재미없음. 돈아깝고 시간아까움,12208762,비평가(elli****),2017.01.21 22:15,32,16
9,재미 있었음. 재즈음악이 너무 좋았습니다. 줄거리는 좀 평이한듯...,12208772,김창덕(kokd****),2017.01.21 22:16,1,0
9,공을 많이 들인 아름다운 화면과 음악만으로도 대만족입니다- 마지막 10분에는 눈물도 터졌네요.. 즐거운 시간이었어요!,12208781,몽키(rohj****),2017.01.21 22:17,1,0
10,너무 맘에 쏙 드는 영화~~,12208849,pine****,2017.01.21 22:31,1,0
10,정말 아름답고 음악좋고 너무좋네요,12208854,onam****,2017.01.21 22:31,1,0
8,"좋은 음악, 좋은 감성, 좋은 대화",12208898,노가리(dunk****),2017.01.21 22:38,1,0
10,굳굳 정말 말이필요없음,12208928,이호수(lakc****),2017.01.21 22:42,1,0
10,좋았어요?o@ ㅎㅎㅎㅎ 미아 나빠,12208936,매생이무침(mrpi****),2017.01.21 22:43,1,0
10,너무 늦게 보았네요.몇번 더 보고 싶은데 시간이 안맞아요.,12208949,우주속의먼지한톨(kang****),2017.01.21 22:45,1,0
8,잔잔한 여운이 남는 영화입니다 :),12208975,ASABETA(asab****),2017.01.21 22:48,1,0
10,꿈과 사랑을 이야기하는 멋진 영화에요영상미도 아주 좋고요~,12208981,사람(bass****),2017.01.21 22:49,1,0
10,보는 내내 다른 세상에 온느낌...그렇게 인생영화가 되었다.,12209018,조군(whrn****),2017.01.21 22:54,0,0
10,다보고 나면 꿈을 꾼듯한 느낌이 들게 하는 영화,12209053,antf****,2017.01.21 23:00,1,0
10,뮤지컬 영화라서 재미 있다고 소문을 듣고 관람을 해보니 영화에서 처럼 알 수 없는 무엇인가 먹으면 시간 공간을 이동하는 장면을 보고 나서 저렇게 하고 싶다는 생각이 들더라구요  그 사람이 많이 생각나고 보고 싶네요 ...,12209105,dlgo****,2017.01.21 23:07,0,0
10,꿀잼!!!!재즈 매력애 빠져든다 진짜,12209116,내알빠아니야(kym9****),2017.01.21 23:08,1,0
9,음악이 아름답고 꿈을 잃지 않고 찾는 모습이 돟았습니다.끝부분에 남자 주인공이 피아노칠때 모습과 장면도 인상적이었습니다.,12209229,keum87(full****),2017.01.21 23:25,1,0
9,화면구성이 재밌어요>.<,12209236,sso(imso****),2017.01.21 23:26,1,0
10,최고다... 마지막 장면은 너무나 아름답습니다.,12209272,jjm2****,2017.01.21 23:32,1,0
10,시간이 어떻게 흐르는지도 모르게 몰입해서 봤다... 강추합니다.,12209276,오토봇(imag****),2017.01.21 23:33,0,0
10,꿈을 이룬다는 건 행복한 것이지만가장 큰 행복을 잃을 수 있다는 것이 두렵다.너무 슬프고 두려워서 손이 떨림‥ ㅜㅡㅠ,12209521,comf****,2017.01.22 00:12,0,0
10,지루할틈 없는 귀와  머리가  즐거운  영화,12209540,롱롱이(cwy7****),2017.01.22 00:15,1,0
10,일반적인 여아용 디즈니 영화인 줄 알았다. 하지만 한 계절의 낭만 그 자체가 담긴 영화.,12209818,예술인(guru****),2017.01.22 00:58,0,0
10,최고에요 인생영화..,12209862,채용(aowl****),2017.01.22 01:09,1,1
10,너무 아름다운 영화... 꿈꾸듯이 본것 같아요,12209869,두믹(dasd****),2017.01.22 01:11,1,0
9,오랜만에 눈물과 미소가 섞인영화 잘보았습니다. 약간의반전도괜찮은..하지만 음악과춤이 최고...,12209957,레엔코(yell****),2017.01.22 01:30,1,0
8,재밌었습니다재밌었어요,12209963,0107****,2017.01.22 01:31,1,0
1,"평점에 낚였네요..배우,영상,음악 다 좋은데 스토리가 ..중반까지 그럭저럭 좋다가 마지막에 기분 드럽고 찝찝한 결말은 뭔지..성공하자마자 자신을 떠나간 여인을 보며 애써 미소지어준뒤 체념한듯 다시 연주하는 남주를 비...",12209971,악마(reij****),2017.01.22 01:32,13,9
9,라이언고슬링을 좋아하는데 역시 좋네요. 사랑할 수밖에없는,12209978,apc(apc9****),2017.01.22 01:33,1,0
8,왜항상 고무신은 여자가...,12209983,지니(jini****),2017.01.22 01:35,1,1
10,서유기 선리기연 이후 최고 엔딩 ㅋㅋ,12210107,범이(caes****),2017.01.22 02:03,1,0
8,노래가 넘 좋고 배우들 연기도 좋아요,12210112,연희동맨(gn_a****),2017.01.22 02:04,1,0
10,재밌습니다 여자친구랑 봤는데 이쁘네여,12210125,song****,2017.01.22 02:07,2,0
7,음...그저그러하다,12210132,김상민(colo****),2017.01.22 02:09,2,1
10,미래에 클래식이 될 마스터피스,12210223,Molcom(pig9****),2017.01.22 02:39,1,0
10,이렇게 아름다운 영화가 많아졌으면 하는 바람으로 평점 10점 주러 왔습니다,12210245,퓨퓨퓨(ksch****),2017.01.22 02:46,0,0
10,넘나 재밌어어요!~.~!.,12210298,saayyy(kumb****),2017.01.22 03:10,1,0
9,매력이 철철 넘치는 영화,12210357,브라우니(kamj****),2017.01.22 03:40,0,0
8,노래가 이쁘고 남여주인동도 이쁘지만 난 슬퍼지는 영화,12210389,윤기원(baso****),2017.01.22 03:54,1,0
9,달달한 악몽을 꾼 기분이다,12210429,shap****,2017.01.22 04:21,0,0
10,계속 앉아있고 싶게만든 영화,12210457,나(pan0****),2017.01.22 04:38,0,0
9,인생영화...를 만난것같다ㅠ 여운..,12210592,pilt****,2017.01.22 07:58,1,0
8,안 본 사람들에게 추천 할만한 영화,12210664,colovewith(colo****),2017.01.22 09:04,1,0
5,맘마미아의 다운그레이드버전ㅎㅎ,12210733,시니얼(rheh****),2017.01.22 09:38,0,2
10,넘 멋지고 감동적이고 또 보고싶은 영화,12210745,jenn****,2017.01.22 09:43,1,0
9,"처음에는 별로, 근데 계속해서 생각이 나네;",12210807,엠씨명(blac****),2017.01.22 10:07,0,0
7,"초반에 지루함은 어쩔수 없었지만,남자가 사랑하는, 사랑했던 여자에대한 마음은 너무나 공감됐다.",12210856,뒹굴이(610k****),2017.01.22 10:26,0,1
10,정말 최고!  라이언고슬링 눈빛이 아련,12210906,행복맘(ciel****),2017.01.22 10:43,1,0
9,추천합니다정말재밋네요,12210989,로엑스(wheh****),2017.01.22 11:12,1,0
10,크리스마스에 어울리는 영화. 내용도 음악도 영상도 다 좋았어요. 라라랜드 ost 찾아듣는 중,12211069,백선경(tjsr****),2017.01.22 11:35,1,0
10,노래넘나좋은것    ㅋㅋㅋㅋ,12211074,정민우(jmw0****),2017.01.22 11:36,1,0
8,즐거운 시간이었습니다. 지난 날 나의 꿈은 무엇이었나 생각해 보게 되더라구요.,12211098,귀족(bbo1****),2017.01.22 11:40,1,0
9,영화스토리 음악모두 밝고 긍정적이라 편안하고 즐겁게 감상했습니다,12211114,cosm****,2017.01.22 11:46,1,0
10,인생영화입니다 ㅜㅜ 결말이 짠하네요,12211242,핫도그(find****),2017.01.22 12:16,1,0
1,졸음을 참아가면서 봄....와... 핵 노잼...,12211261,김연경(celi****),2017.01.22 12:21,55,29
9,노래굳괜찮아어요다음에도 봐요,12211329,MT(awoo****),2017.01.22 12:33,1,0
9,한편의 뮤지컬을 본 느낌이다.,12211331,De(kjw0****),2017.01.22 12:34,1,0
7,"사랑 꿈 노래, 판타지가 충족되면서도 뻔하지 않은 결말이라 좋았다",12211345,나는나일뿐(hyeb****),2017.01.22 12:37,1,0
10,슬프고 행복해요너무 아름답고 황홀해서 더 마음이 아파요,12211433,빙그레(suur****),2017.01.22 12:56,0,0
10,졸잼핵잼 꿀잼 인생영ㅎ화꿀영화,12211472,쩌남(gkdg****),2017.01.22 13:03,1,0
10,다시 보고 또 보고 싶은 영화네요,12211521,jsap****,2017.01.22 13:10,1,0
10,두 말 필요없는 내 생애 최고의 영화!,12211626,Bellarosa(bell****),2017.01.22 13:28,1,0
10,bb최고입니다 또보고싶다,12211692,참새(artc****),2017.01.22 13:42,1,0
10,그 모든 것이 정말 좋은 영화,12211693,claralim(clar****),2017.01.22 13:42,1,0
7,두번정도 봐야 이해될  영화,12211790,조준혁(tjdn****),2017.01.22 14:05,1,0
7,볼만해요~ 막 엄청 훌륭한 정도는 아니구 작은감동 이쁜영화,12211828,키라키라(size****),2017.01.22 14:15,0,1
10,빠른전개와 아름다운 배경과 감미로운음악나중엔 제눈에서 눈물이 흐르는데 슬퍼운건 아니에요,12211841,햄양(7777****),2017.01.22 14:17,1,0
8,꿈꾸어 본 자들을 위한 영화.,12211858,아날로그(eunj****),2017.01.22 14:22,1,1
9,두번째 보는건데 오히려 시간이 더 빠르게 느껴졌고 씨네큐브만의 몰입도는 있었지만 극장이 너무 추웠어요ㅜ,12211871,Petersen(sslt****),2017.01.22 14:28,1,0
10,좋은영화였습니다 2번봤어용,12212054,이은별(eunb****),2017.01.22 15:07,2,0
8,내자신을되돌아볼수있는영화,12212071,책벌레(kimj****),2017.01.22 15:10,2,0
5,갑자기 노래해서 깜놀.,12212094,dbse****,2017.01.22 15:15,1,4
10,"색감,영상,배우,연기,음악 지립니다",12212111,rntm****,2017.01.22 15:17,0,0
1,이게 왜 평점이 높지? 핵노잼... 중간에 영화관 바깥으로 뛰쳐나가고 싶었음. 시간이랑 돈 아깝던데;; 스토리도 이해 안 되고...,12212304,Fraulein(klar****),2017.01.22 15:51,17,10
10,어떤 말로 표현해야 할 지 모르겠어요 제게는 벅찬감동을 준 영화.. 다 보고 나서 현실로 돌아오기가 힘드네요~~,12212324,nuso****,2017.01.22 15:56,1,0
10,아름다운영화였어요.,12212355,내가만드는세상(0122****),2017.01.22 16:01,1,0
10,잘 봤습니다~^^아침에 영화 본 사람도 별로 없어서 좋았어요~,12212364,CUI TING(cuit****),2017.01.22 16:03,1,0
8,한동안 음악에 빠져있었네요.다시 보고픈 영화,12212383,애야(glad****),2017.01.22 16:06,1,0
10,정말 좋은 영화에요 수상 받을 만한 영화,12212438,Dark_reason(yung****),2017.01.22 16:14,0,0
9,꿈을 이루는 향해가는것에 대한 고충만을 얘기하고있는 것 같아..가슴한켠이 내내 애렸다..그 고충을 이기는 방법은 연애뿐인가...;;;;화면 색감 음악 등은..너무너무 좋았어욤..ㅋㅋ올드하면서 이쁨!!,12212474,sung****,2017.01.22 16:21,1,0
9,영화와 음악이 만나 이루는 극적 아름다움 그리고 엠마 스톤,12212480,블루워커(mave****),2017.01.22 16:22,0,0
8,"세얼간이처럼 뮤지컬인듯 노래를 많이 부르는 영화가 맞는 사람이 있고 아닌 사람이 있는데, 어찌됐든 음악이 좋은 영화",12212482,이명진(mjin****),2017.01.22 16:22,2,0
8,약간 지루한감도 있지만 내용이 있는  아름다운  예술영화입니다.,12212511,야후나(mu33****),2017.01.22 16:29,1,1
10,재밋어요!! 연인들끼리 볼만해요,12212592,rlaw****,2017.01.22 16:40,1,1
6,볼만한데 살짝 지루함...,12212611,황금털(mike****),2017.01.22 16:44,2,3
8,보다나왔다..개인적으로 뮤지컬풍에 호기심을 못드껴..,12212644,배건(geon****),2017.01.22 16:48,1,2
10,라라랜드 대박이에요 !! 노래대박,12212910,피구왕(wjsa****),2017.01.22 17:30,1,0
10,최고에요 100번 볼꺼랍니다,12212917,모모(song****),2017.01.22 17:31,1,0
10,사랑스러워요 인생의 진지한 고민들을 아름답고 사랑스럽게 표현한 너무도 섬세한 영화,12212944,응(elan****),2017.01.22 17:36,1,0
8,마지막 10분을 위해 존재하는 영화,12213346,아(good****),2017.01.22 18:44,2,0
8,독특해요 발리우드의 할리우드버젼,12213405,헤이(wori****),2017.01.22 18:54,2,1
9,OST만 잘 듣고 왔어요.,12213443,순하리(hany****),2017.01.22 18:59,0,0
10,급전개인점이있지만 재관람할정도네요 재밌었습니다,12213506,귤머겅(aver****),2017.01.22 19:12,1,0
9,사랑과 꿈이 반짝이는 별들의 도시~,12213549,메모리(sohy****),2017.01.22 19:18,0,0
10,환상적이면서도 현실적인 느낌을 주네영,12213683,손영주(ts0j****),2017.01.22 19:37,0,0
9,정말 멋진 영화~다미엔 차젤레는  정말 다음작이 기대되는 특별한 감독임~,12213691,confeito(free****),2017.01.22 19:38,0,0
10,오프닝만 보고 아.. 인생영화다.. 하고 느낀영화,12213728,문수빈(yjs0****),2017.01.22 19:44,1,1
10,의도적으로 평점 깎아내리는 사람들이 많아서 10점 줍니다. 개인적으로 라라랜드는 평생 잊을 수 없는 영화 중 하나였네요.,12213733,JY(fluk****),2017.01.22 19:44,0,0
7,"영상미, 구성 등등 괜찮음. 마지막 장면을 만들어내기 위한 진행?!",12213736,남희용(matt****),2017.01.22 19:45,2,0
7,"눈이 호강하네요. 음악도 좋구요, 그러나 위플래쉬때와 같이 보고 나면 마음속에 남는것이 하나도 없습니다. 음악영화이나 너무 보여주기식으로만 영화를 만드는것이 이 감독의 특징인 것 같습니다.",12213816,털뭉치(nect****),2017.01.22 19:57,2,0
10,음악이 멋진 영화...올해의 최고의 영화가 될 듯.,12213861,yume****,2017.01.22 20:04,1,0
7,조금 지루한감도 있었는데 비주얼과 결론이 신선하네요,12213991,mete****,2017.01.22 20:25,0,1
9,두번째보는 라라랜드. 두번보니 감독의 섬세함이 더 잘보여서 좋았어요,12214088,영지버섯(dudd****),2017.01.22 20:41,1,0
10,두번 봅니다.. 여운이 너무 진해서,12214163,순리(imoo****),2017.01.22 20:54,1,0
9,뻔하지 않은 결말이라서 좋았음.,12214200,Trend(cuca****),2017.01.22 20:59,0,0
6,오랜만에 영리하고 귀여운 뮤지컬 영화,12214262,그라마(bbq2****),2017.01.22 21:07,0,0
10,세번볼라다참음 !ㅇ!,12214415,심정현(ftrq****),2017.01.22 21:28,1,0
8,"첫 장면부터 놀라움에 웃음밖에 안나왔던 영화. 그래도 결국은 나름 헐리우드 엔딩. ""꿈""을 찾아 헐리우드에 왔다 집으로 돌아가야만 했던 수많은 친구들이 주마등처럼 지나간다. 거품 가득한 City of ...",12214491,양한결(yang****),2017.01.22 21:42,0,0
7,연출력은 좋으나 마무리가 아쉽,12214495,안녕(flax****),2017.01.22 21:43,0,0
8,중간에 살짝 지루하기는 하지만 감성에 취할 수 있는 영화!OST는 환상적이라 지금도 매일 듣는다,12214544,dbtj****,2017.01.22 21:48,1,0
10,볼때마다 인상이 달라서 계속 보게되는 마성의 영화,12214646,올비(olvi****),2017.01.22 22:04,1,0
10,또 봐도 너무 재밌어요ㅠㅠ,12214652,피튜하튜(dmst****),2017.01.22 22:05,1,0
10,너무나 아름다운 이야기.  흔한 스토리를 뛰어넘은 천재적인 연출 ㅠㅠ,12214703,민자(minj****),2017.01.22 22:14,1,0
10,오왕 기자 평론가 평점 저렇게 높은영화 처음보네.. 보러가야지..,12214728,숀(ns_z****),2017.01.22 22:18,0,0
9,너무너무 따뜻한 영화였습니다^^,12214753,김응수(have****),2017.01.22 22:22,1,0
7,마지막장면이 인상깊음.,12214756,오종훈(mobl****),2017.01.22 22:22,1,0
10,한번보고나서 ost듣고 계속 생각나고 또보고싶어서 또 봤어요결말알고보니까 더슬프네요~~ㅜㅜ,12214769,adam****,2017.01.22 22:24,1,0
5,쪼금 졸렷는데 여자친구는 잼낫다고 함,12214805,love****,2017.01.22 22:30,3,1
10,아름다운 영상미 노래 이루어지지 못한 젊은 날의 사랑 어느 하나 부족함이 없는 영화 인생영화리스트에 들어갈것 같습니다,12214835,박진영(8sno****),2017.01.22 22:34,1,0
9,온가족이 즐겁게 관랑했어요,12214862,heeb****,2017.01.22 22:38,2,0
3,발리우드같았음.. 색감만 이뻤던 영화인듯,12214887,kidu****,2017.01.22 22:40,4,3
10,처음으로 영화관에서 두 번 관람했습니다.,12214902,mjbe****,2017.01.22 22:43,1,0
10,가슴이 먹먹해진다... 설레고 부러웠다,12214953,ab(your****),2017.01.22 22:48,1,0
10,내 생의 최고의 영호중 하나.. 영화관에서 4번본 영화는 라라랜드가 처음,12215038,엄기진(kiji****),2017.01.22 22:58,2,0
10,남자가 마지막에 여주 걱정안시키려고 씩웃는데 진짜 하.... 그냥 인생영화다 이건,12215071,일베척살(kar5****),2017.01.22 23:03,2,1
9,음악이 너무 좋네요. 뮤지컬 한편 본것 같아요.,12215095,Hy(inde****),2017.01.22 23:05,2,1
8,볼만했음 기대만큼은 아니지만,12215107,주르미(aj23****),2017.01.22 23:07,1,0
5,난 그냥 그러네용 ㅎㅎ 난 울지 않음 ㅋㅋ,12215143,오리의 꿈(tots****),2017.01.22 23:12,3,3
9,음악도 좋고 연기도 좋았지만 중간에 조금 루즈해지는 부분이 없지않아 있다. 하지만 극중 전개를 위한 어쩔 수 없는 부분이기에 끝까지 보고난 뒤엔 루즈한 부분이 오히려 작품을 더 깊게 다가오게끔 해줬다. 충분히 시간과...,12215171,hyun****,2017.01.22 23:16,2,0
10,보는내내 빠져서봤어요. 인생영화ㅠㅠ!,12215172,Yoonyoungu(yoon****),2017.01.22 23:16,2,0
8,"뮤지컬영화를 좋아하고, 성장영화를 좋아하지만, 무언가가 좀 애매하네요. 스포를 봐서 그런가",12215317,spt0****,2017.01.22 23:37,2,0
10,내 인생영화..두번봤는데 또보고싶네요,12215336,신데렐라(spdl****),2017.01.22 23:39,1,0
9,훌륭하다.근래 보기 더문 뮤지컬 영화다,12215340,독고탁(tag2****),2017.01.22 23:40,2,0
10,최근 몇년 사이 본 영화 중 단연 최고- 서사보다 연출이 중요함을 다시 보여준 영화 한동안 헤어나오지 못할것 같다,12215389,두루뭉술(sonm****),2017.01.22 23:49,2,0
10,워낙 뮤지컬을좋아하지만. . 기대이상으로. . 좋았던 영화 두주인공의 매력에 빠졌습니다. . 두번보았는데 한번 더보려구요,12215406,연두빛(ally****),2017.01.22 23:51,3,0
10,신선했던 영화였다!!! 허나 호불호는 확실..같이본 친구들은 다 별로라네요(얘들이 인성이 그래서 그냥 하는 막말일지도 모르지만),12215474,코난지니(bdea****),2017.01.23 00:02,1,1
10,"음악과 춤, 색채미, 스토리, 강한 여운이 남는 엔딩과 꿈을 좇는 청춘들의 좌절과 열정까지 곱씹을수 있었던 모든게 완벽한 영화",12215499,midnightmood(poly****),2017.01.23 00:06,0,1
9,"영상미며, 스토리도 현실적이네..슬펏네요",12215506,양띠여자(jja5****),2017.01.23 00:07,0,0
6,왜 빨아대는지 모르겠네요,12215539,원래로즈(best****),2017.01.23 00:12,1,0
10,토렌트로 불법감상하고 영화 감상평에 이랬니 저랬니 평가하는거 진짜 양심도 없다 ㅋㅋ,12215545,규(mmuk****),2017.01.23 00:13,0,1
10,최고의 영화. 마지막 10분이 영화의 9할,12215573,sylvia(cest****),2017.01.23 00:17,2,0
10,20대의 추억을 슬며시 꺼내주면서 미소와 눈물을 짓게 만드는 영화,12215581,bkgo****,2017.01.23 00:18,1,0
10,너무너무 좋아요 잘봣어요,12215681,ohch****,2017.01.23 00:37,1,0
9,중간이 조금 지루하긴했지만 전체적으로 너무 아름다운 영화였습니다. 결말은 호불호가 갈리겠지만 개인적으로 좋았어요!,12215846,정원(jiwo****),2017.01.23 01:11,1,0
7,괜찮은 영화이긴 한데 그렇게까지 극찬을 해야하는 영화인지는 잘 모르겠다. 취향이 있긴 하겠지만 같이 본 사람도 정확히 같은 생각이었다. 볼만하긴 하다. 특별히 까일 부분은 없다. 그렇다고 엄청나진 않았다,12215891,최승윤작가(idma****),2017.01.23 01:22,0,0
7,엔딩이 카페소사이어티의 결말을 떠올리게한다,12215992,TrulyBelieve(chj4****),2017.01.23 01:57,0,0
9,내용도 음악도 배우도 모두 좋았습니다,12216006,남자(yd06****),2017.01.23 02:02,0,0
10,"첫관람때는 재즈에, 두번째에는 달콤쌉싸름한 감정선에 치이는 영화",12216035,cute****,2017.01.23 02:14,1,0
8,아름다운 영화~~입니다,12216068,jujs****,2017.01.23 02:27,1,0
10,"마지막 서로를 응시하는 장면. 하지 못한 많은 말들이 담겨있는 눈빛. 그리고 그때의 우리, 그때의 사랑. 고마웠어요 당신..",12216110,Hesse(kang****),2017.01.23 02:47,1,1
10,너무좋았네요 음악과 내용모두,12216112,쉐프홍(acme****),2017.01.23 02:48,1,0
9,여운이 길게 남아요. 제겐 완벽한 영화는 아니었지만 충분히 가치있는 영화였어요.,12216130,요이(illu****),2017.01.23 02:58,1,0
10,"내가 십점 줬다는 건, 그냥 영화로써 완벽했다는 말이다.  완벽. 완벽 그 자체. 기가막히네 그냥 ㅡㅡ 우린 언제쯤 이런 영화 만들까.. 백년쯤 지나야 가능할 까?",12216136,virsyn(prez****),2017.01.23 03:01,0,0
1,솔직히 ㄱㅊㄴ 양성영화 아님?? 남주는 순회공연하는거 막아놓고 지는 프랑스가서 다른남자로 갈아타는건 좀...,12216178,바람(smjd****),2017.01.23 03:30,14,7
10,아름답고 반짝이며 가슴아프다.,12216208,artey u(yuji****),2017.01.23 03:50,0,0
1,레미제라블 맘마미아처럼 재밌을거라고 기대하고 보면 그냥 좆대는거임 별점 한개도 아깝다 개 노잼 내용도 별 내용 없음,12216239,doubleS2502(ss25****),2017.01.23 04:14,16,6
10,처음에 쇼크 받아서 보다가 중간에 약간 지루한가 싶다가 마지막에 울컥하면서 나왔다.,12216242,EWBF(cine****),2017.01.23 04:17,0,0
9,마지막 재회씬이 슬프면서 좋고 아쉬우면서 만족스럽다. 다치고 아물고 덧나고를 반복한 지난 날들이 서로를 통해 후회없는 날들로 남았다.,12216283,SunnyPark(sunn****),2017.01.23 04:52,0,0
2,영상미  괜찮음 음악  재즈는 별로인듯 내용 꿈을 이루러 노력하는 남녀 그러나  스타되고 배신하는 여자  그냥  그럼  난  역시  액션영화가 좋아.,12216306,90ri****,2017.01.23 05:41,0,0
8,훌륭한 영화라 생각함..  소재의 다양성은 배워야함!,12216346,nyamnyam(joon****),2017.01.23 06:57,1,0
8,재미게 잘 보았습니다 다른분들도 재미게 보세요,12216357,하늘하늘(skys****),2017.01.23 07:25,1,0
8,최근 개봉영화중 가장 완전한 영화,12216396,MJ(2951****),2017.01.23 07:57,1,0
10,찬란하고 빛나는 우리의 그 순간.,12216426,윤민화(yoon****),2017.01.23 08:23,1,0
9,마지막은 회상씬이아니다과거에도 현재에도 그들은 동반자이며 조력자이다과거엔 추억이자 낭만이고 현재까지 있게 해준 서로다마음 속엔 언제나 서로를 생각하고 앞으로 그들은 서로의 엔진이다항상 함께 였기에 앞으로도 함께이기에...,12216444,dydt****,2017.01.23 08:36,0,0
6,첫 장면 너무 식상합니다. 남자 주인공이 미스 캐스팅된 것 같아요,12216457,beac****,2017.01.23 08:42,2,1
10,대사와 노래가 어우러진 이야기 재밌었어요,12216516,찌아요(joeh****),2017.01.23 09:11,1,0
10,"재즈음악이 많이 나와서 좋았고 나의 꿈, 사랑에 대해 생각하게 만드는 영화",12216531,Bluemoon(sol5****),2017.01.23 09:19,1,0
8,난 찜찜한 엔딩이 좋아서..ㅋ,12216532,ComMang(ngle****),2017.01.23 09:20,1,0
9,늦게봤지만 오랜만에 좋은영화봤네요결말이 너무 뜬금없긴 했지만,12216564,kilp****,2017.01.23 09:27,1,0
8,아련하고 감상적인중간에 좀 늘어지는것 같음..,12216577,이경미(claa****),2017.01.23 09:32,1,1
10,넘나 재밌 넘나 재밌 넘나 재밌,12216687,카페모카(poor****),2017.01.23 10:09,0,0
7,노래 하드캐리 말고는 모르겠더라,12216700,동천청과(lcw3****),2017.01.23 10:13,1,1
8,멋진 음악과 아름다운 결말,12216722,이연(mone****),2017.01.23 10:21,1,0
10,통곡할 수밖에 없는 ...,12216808,이디스(edit****),2017.01.23 10:53,0,1
9,또 하나의 인생영화가 생겼네요dvd로도 소장하고 싶네요,12216819,stam****,2017.01.23 10:56,1,0
10,재미있음 두번 보세요!!,12216845,히릿(lkjd****),2017.01.23 11:02,1,0
10,진짜 재밌음 강추!!!!,12216853,oAsIs(libe****),2017.01.23 11:07,1,0
9,영화 잘봤습니다 영상미가 좋음,12216857,kdh7****,2017.01.23 11:07,1,0
10,최고의 영화... 잊지못할 연출력,12216860,윤유진(yooj****),2017.01.23 11:09,1,0
10,슬프고도 아름다운난 라라랜드를 세번이나 봤지만 볼 때마다  짜릿하고 유쾌하며 슬프다 아 눈물이야,12216869,슈슈a(mato****),2017.01.23 11:12,0,0
9,간만에 영화봤는데 너무너무 만족해요 음악과 함께 나오니 더 좋았습니다  뮤지컬한편 보는듯한 느낌이었습니다 아주 좋아요~~추천할만해요,12216870,gyan****,2017.01.23 11:12,2,0
9,영상 음악 연출 연기 어느 하나 빠지지 않는 훌륭한 영화,12216987,김슝구리(mink****),2017.01.23 11:50,2,0
10,잔잔하게 기분좋은 영화,12217026,cray****,2017.01.23 12:05,2,0
10,"첫장면부터 울었다. 이렇게 좋은 오프닝은 처음이다. 인생 영화. 보고 또 보고싶다. 아마 그게 나의 이야기라서 그런지도 모른다. 젊음. 꿈, 그리고 사랑. 포기하지 말것. 당신을 믿어주는 사람들 때문이라도.",12217041,막빛나(nau0****),2017.01.23 12:10,2,1
10,굿굿쿳굿굿굿쿳굿규ㆍㅅ굿,12217120,jhlo****,2017.01.23 12:32,2,0
9,이건 정말 다시 봐야 할 명작이라고 생각되네요. 음악이 잊혀지질 않아요,12217128,kisu****,2017.01.23 12:35,2,0
9,음악이 아직도 멤도네요 - 멋지고 즐거운 영화입니다:),12217132,vira****,2017.01.23 12:36,2,0
10,올해 최고의 영화다 감독이 신입이라는게 믿기지가 않게 영화 짜임새가 무척 좋았다 데자뷰느낌을 나게하여 강조하고싶어하는 부분을 잘살렸고 배우들도 연기도 김탄스럽다 예술가들은 안보면 안될 영화다 이영화를 한마디로 표현하...,12217160,2000****,2017.01.23 12:45,1,0
10,"앞 날이 정해지지 않은 시절을 함께 보내는 듯한 기분, 이뿐만 아니라 아름답고 사랑스럽고 훌륭했다 정말!",12217219,박해동(haei****),2017.01.23 13:01,2,0
10,꿈꾸는 사람들을 위한 영화! 두 번째 관람이었는데도 역시 진한 감동과 여운이 남았어요.,12217271,케이(miss****),2017.01.23 13:20,2,0
10,내가 본 영화중에 정말 손가락 안에 드는 영화이다. 노래와 연출력 쵝오~~!!,12217327,조박사(dran****),2017.01.23 13:35,1,0
8,꿈 꾸는 모든 이들을 위한 영화. 정말로 아름답다라는 생각만 든다.,12217374,보르미(hseo****),2017.01.23 13:52,1,0
10,let the music begin,12217388,힐리우스(jazz****),2017.01.23 13:54,1,0
9,전작에 이어 막판에 여운을 참 많이도 남기는 구나... 이는 관객의 몫으로,12217411,동영아빠(nbin****),2017.01.23 13:59,1,0
5,일단Ost사러간다...,12217476,JESS(gona****),2017.01.23 14:16,0,1
8,"영상 좋고, 음악 좋고, 기발한데,,스토리는 솔직히 단순해서 지겨웠음. 위플레쉬는 진짜 끝까지 몰입해서 봤는데, 이건 그냥 눈과 귀가 즐거운 맛으로 봤지,,,흥미진진한 맛은 떨어졌음. 그래도 우리나라에서는 이런 영상...",12217486,pkyo****,2017.01.23 14:18,0,0
9,영화관에서 봐서 더 좋았다,12217493,장은정(yell****),2017.01.23 14:20,2,0
10,시간 가는줄 모르고 봤네요 몰입도 최고!! 강추강추,12217646,inmo****,2017.01.23 15:08,2,0
8,"다미엔 차젤레... 음악 관련 영화에 있어서 독보적이다... 아직 30대 초반임에도... 국내영화는 아직도 경검, 건달, 신파, 비리 영화들이 판을 치는데... 돈 내고 보는 영화는 이런거다.",12217743,tell****,2017.01.23 15:41,1,0
8,호불호 갈리는 영화일듯~재즈와 음악을 좋아라 한다면 충분히 매력적인 영화!,12217789,매니홀릭(icoo****),2017.01.23 15:56,1,0
10,이야  희대의 명작 다시보고싶다,12217847,나다(gorm****),2017.01.23 16:13,1,0
7,"중간중간 지루하게 늘어지는 부분 빼고는 영상, 음악, 연기, 스토리 빠지는 건 없어요. 꿈을 이루기위해 노력하는 과정에서 사랑을 하기도 하고 실망을 하기도 하고. 그런 내용이 청춘들이 공감하기에 좋아요.",12217856,cuzi****,2017.01.23 16:17,0,0
9,"중간에 조금 지루한 면이 없지 않았으나, 재즈를 가미한 훌륭한 뮤지컬 한 편을 보는 듯 했다. 특히 마지막 영화 나비효과를 연상케 하는 연출은 단연 압권이었다. 꿈과 사랑에 있어 선택과 타이밍의 중요성을 일깨워주는 ...",12217860,Schwarz(aktm****),2017.01.23 16:17,1,0
7,셉스카페에서 엠마부부를 앉혀놓고 울려퍼지는 애잔한 피아노 선율은 지금도 여운이 남아있다....,12217962,kidari(jb38****),2017.01.23 16:47,3,0
6,조금 지루했어영 마지막 앤딩두 아쉬움 ㅠㅠ,12217965,쵸콜렛우유(chlr****),2017.01.23 16:48,0,4
10,현실과꿈을 마법같이 음악으로  쓰는 소설같다,12217979,tlel****,2017.01.23 16:52,2,0
10,후회하지 않는영화 강추 합니당 ㅎㅎ,12217981,뭘봐(coff****),2017.01.23 16:52,2,0
10,BD 언제 나오냐...,12218005,류모씨(gydn****),2017.01.23 16:59,1,0
8,가슴에 남는 영화였다.,12218010,sssss(silv****),2017.01.23 17:02,2,0
10,크리스마스를 이영화덕분에 잘보냇어요,12218021,해리포터(heyl****),2017.01.23 17:06,2,0
10,"모든 시퀀스가 의미있고 기억에 남는 시퀀스들이 웃음과 눈물을 모두 주는,, 바보같이 꿈꾸는 사람들이 사랑받길, 후회가 아닌 만약이라는 또 다른 해피앤딩을 그리며 살 수 있길",12218051,쑥쑥맘(mire****),2017.01.23 17:17,1,0
9,"퇴근길 운전을 하면서도 석양을 느낄 수 있는 자유로를 달릴 때.. 어느 순간 길이 막힐 때 라라랜드 오프닝이 떠오르고, 엔딩을 향해 가는 판타지  장면이 떠오를 것이다..그때쯤 느껴지는 애잔함.. 그런 여운을 주는 ...",12218059,겨울잠 자고 싶다(poor****),2017.01.23 17:20,1,0
8,엔딩이 마음에 안들지만,12218065,홍정현(jeon****),2017.01.23 17:21,1,0
10,여운이 길고 노래들이 머릿속에서 떠나지 않는다오래오래 기억될 아름다운 영화이다,12218081,skan****,2017.01.23 17:27,2,0
10,한순간도 눈을 뗄수없다.,12218096,오렌지만세(carm****),2017.01.23 17:35,2,0
4,"꿈이라는 단어가 주는  판타지, 괜히 제목이 라라랜드가 아니다.",12218125,뉴오더(131r****),2017.01.23 17:43,0,1
10,두번째관람 정말좋은영화,12218132,옥인아(oia9****),2017.01.23 17:45,3,0
8,볼만했습니다 시간가는줄몰랐네요,12218152,박정우(park****),2017.01.23 17:52,2,0
10,"노래가 너무 자연스러워서 뮤지컬영화라는 느낌을 별로 못 받았다. 연기도 좋았고, 무엇보다 음악이 매우 훌륭했음. 근래 보기드문 수작. 블록버스터가 판치는 세상에 그 좁은 엘에이 도심만을 배경으로도 영화가 된다는 걸 ...",12218158,ckna****,2017.01.23 17:53,2,0
9,마지막 장면에서 눈물이 많이 났습니다다. 만남과 이별을 해 본 사람들이라면 누구나 이해할듯 합니다...여운이 길게 남을 것 같습니다. 잘 봤습니다.,12218174,ptan****,2017.01.23 17:59,18,0
9,정말 좋은 영화를 봤다 음악 춤 배경 모든게 빠지는거없이좋았다 배우들 연기야 당연히 좋고 과함이 없는 뮤지컬영화를 봤다,12218211,준석맘(bill****),2017.01.23 18:13,1,0
10,다 좋다. 라이언 고슬링 목소리 미쳤다 ㅜㅜ,12218218,HUHSUNGJIN(sung****),2017.01.23 18:16,2,0
10,인생영화급은 아니지만 재밋엇음,12218252,정정정(chae****),2017.01.23 18:23,1,0
10,단순히 뮤지컬 영화가 아님.내가 영화감독이었다면 이런영화른 만들고 싶을것같다.호불호있을것같지만 제 인생영화,12218331,블루밍(hmj5****),2017.01.23 18:56,1,0
10,다시 한번 보고싶은 영화.,12218392,Best_H(skyl****),2017.01.23 19:21,1,0
9,두 번 봤다.. 전개도 시원시원하고 음악이 너무 좋다반짝반짝한 영화!,12218400,moon****,2017.01.23 19:24,2,0
1,"평점 10점준 사람들은 100% 알바생 아니면 100% 개지루하고 이미지영상만 좀 좋게하면 있어보이는줄알고 글쓴 넘들.개지루합니다. 진짜.최악의 영화이고, 이거 재밌다고 하면 그사람 사람아닙니다. 외계인이지.돈버리지...",12218427,시마모쿠(jjun****),2017.01.23 19:32,21,10
1,나는 생각보다 별로였다.,12218441,rlaa****,2017.01.23 19:36,17,4
8,생각만큼 아주 막 극찬할 만한 영화는 아니었구요... 음 신선한 장면들이 많아서 좋았어요,12218448,아띠(0_0m****),2017.01.23 19:38,3,0
9,흑흑랜드임... 흑흑흑,12218463,g111d(kmm5****),2017.01.23 19:42,2,0
9,야래야래 이런 엔딩은 아직 익숙치않다구...큭큭큭..,12218496,bigbir2(bj81****),2017.01.23 19:52,1,0
10,최고의 영화 입니다. 또 보고 싶네요 여운도 정말 많이 남고요,12218520,SomniUm(wjsa****),2017.01.23 20:03,1,0
10,"끊임없이 타협하는 재즈, 그리고 사랑",12218525,mard****,2017.01.23 20:07,0,0
8,영화 넘버가 좋았어요! 워낙 인기 많은 영화인거 알고 봐서 그런지 괜찮았습니다ㅋㅋㅋ마지막에 좌르륵 넘어가는 신들이 좋았네요ㅋㅋ잘봤오요,12218581,러블리킴쏘(kims****),2017.01.23 20:28,1,0
10,꿈에 대한 많은 생각이 들게 한 영화,12218588,뚜뚜(tndu****),2017.01.23 20:34,0,0
10,개봉하고 두달이 다 되어갈쯤 이 영화를 스크린으로 보지않으면 후회할거같다는 생각이 문득 들어 영하8도의 강추위를 뚫고 영화관에 혼자가서 본 영화... 평소 전혀 관심없던 재즈의 묘미를 일깨워줘서 감사합니다. 영화 막...,12218641,디두(kay1****),2017.01.23 20:58,0,0
8,너무 기대를 했던건지 생각보단 조금 실망했네영ㅡㅜ,12218659,mind(xlrj****),2017.01.23 21:04,0,1
10,정말 달달하지만 결말이 슬펐다,12218731,김용우(kyw6****),2017.01.23 21:27,1,0
9,너무너무 재밌어요!!결말이 다소 허무한 것만 빼면요 ㅋㅋㅋ,12218747,dg(lwj3****),2017.01.23 21:33,1,0
10,"어쭙잖은 반전, 복잡한 스토리 필요없이 엄청난 공감과 감동을 불러일으킴.. 소름돋아서 눈물나는 영화",12218748,기린(cge4****),2017.01.23 21:33,0,0
10,3번본영화꿈 과 사랑을 잘 그려냈다,12218798,고민수(asdf****),2017.01.23 21:51,1,0
9,재밌음 굿 좋음 잘봣음 감동,12218848,히졍(luhe****),2017.01.23 22:07,1,0
1,이제 인도영화 욕안하고 그냥 봐야겠다,12218850,좋수의견(cs79****),2017.01.23 22:08,18,3
10,가슴이 뭉클한 영화 ost너무너무 좋음,12218892,iuyt****,2017.01.23 22:18,1,0
10,welcome to sep's,12218991,아는남자(ansa****),2017.01.23 22:41,0,0
10,이렇게 여운이 깊고 두번보고싶은 영화는 레미제라블 이후 처음이었습니다. 노래와 연출 모두 완벽했고 초반 장면에서 일어나서 박수치고싶은 충동을 느꼈습니다.  엔딩크레딧에 엠마스톤의 허밍도 좋습니다. 두번 볼 가치가 있...,12219004,Maggie(skaa****),2017.01.23 22:44,0,0
